A00008326-ses-DS2,4.829363,377.969,830,0.26456,0.260806
A00010893-ses-DS2,4.823512,438.336,590,0.32327,0.245466
A00013809-ses-DS2,4.738266,369.148,937,0.959319,0.651841
A00018030-ses-CLG4,5.965605,248.508,957,0.546959,0.433647
A00018030-ses-CLG4R,5.899133,391.672,6348,0.452234,0.422122
A00018030-ses-DS2,4.545645,1274.45,7222,1.52219,1.52489
A00019903-ses-DS2,4.699137,617.516,1234,0.442121,0.281166
A00021039-ses-DS2,4.632428,672.449,1166,0.963158,0.624669
A00023510-ses-DS2,4.775121,485.594,726,0.322303,0.333455
A00025566-ses-DS2,4.303797,710.32,2549,1.66971,0.937125
A00027159-ses-CLG4,5.748545,267.477,680,0.431731,0.382805
A00027159-ses-CLG4R,5.988420,233.82,676,0.38858,0.282406
A00027159-ses-DS2,4.964601,466.133,685,0.293996,0.26904
A00027167-ses-CLG4,6.410077,180.523,490,0.474995,0.332639
A00027167-ses-CLG4R,6.117960,205.336,491,0.513729,0.401868
A00027167-ses-DS2,5.375830,344.883,679,0.706433,0.539711
A00027439-ses-CLG4,6.032768,206.898,713,0.171498,0.209449
A00027439-ses-CLG4R,6.113572,213.539,929,0.254247,0.312885
A00027439-ses-DS2,5.087366,458.078,2494,0.496681,0.454209
A00027443-ses-DS2,5.081371,409.648,630,0.337397,0.31089
A00027544-ses-DS2,4.907774,445.852,834,0.355756,0.352232
A00027651-ses-DS2,4.500049,436.406,681,0.582143,0.487819
A00028150-ses-DS2,5.368097,383.766,913,0.237325,0.303543
A00028152-ses-DS2,4.904775,545.352,925,0.318599,0.394647
A00028177-ses-DS2,4.940505,470.109,1483,0.425164,0.413987
A00028184-ses-DS2,4.612010,458.859,920,0.370664,0.340084
A00028185-ses-DS2,4.781597,482.219,695,0.610568,0.297934
A00028192-ses-DS2,5.095051,451.688,1098,0.269325,0.274908
A00028207-ses-DS2,5.536234,330.609,772,0.273605,0.366109
A00028246-ses-DS2,5.053653,422.039,748,0.297955,0.384263
A00028266-ses-DS2,4.604423,640.227,3411,0.945424,0.780841
A00028287-ses-DS2,5.119648,382.531,955,0.910677,0.784835
A00028339-ses-DS2,4.923253,489.406,1077,0.668673,0.664081
A00028340-ses-DS2,4.915997,472.758,951,0.579605,0.455459
A00028352-ses-DS2,5.253153,547.633,7469,0.417674,0.518246
A00028380-ses-DS2,4.913355,439.727,994,0.47978,0.479152
A00028389-ses-DS2,5.096241,430.359,956,0.315235,0.352652
A00028399-ses-DS2,5.035861,448.836,1053,0.460753,0.36525
A00028400-ses-DS2,4.787222,547.688,3229,0.770345,0.773573
A00028429-ses-DS2,5.250369,407.883,886,0.620777,0.415366
A00028430-ses-DS2,5.070636,443.242,1046,0.355566,0.412019
A00028468-ses-DS2,5.025835,504.461,1527,0.321976,0.294371
A00028552-ses-DS2,5.020658,450.891,2006,0.33378,0.398357
A00028605-ses-DS2,4.990266,480.43,862,0.353502,0.412936
A00028606-ses-DS2,5.280633,391.609,852,0.339047,0.372909
A00028613-ses-DS2,5.091087,422.922,928,0.570184,0.329276
A00028625-ses-DS2,4.804148,650.188,2214,0.323941,0.395852
A00028656-ses-DS2,5.451896,347.664,772,0.297541,0.339197
A00028678-ses-DS2,4.968512,460.117,859,0.529219,0.481302
A00028691-ses-DS2,5.079161,476.812,877,0.294622,0.405927
A00028694-ses-DS2,5.259804,400.148,1084,0.316691,0.269174
A00028753-ses-DS2,5.227636,369.023,802,0.588947,0.372767
A00028754-ses-DS2,4.802133,452.508,1047,0.687772,0.497136
A00028766-ses-DS2,5.218152,413.367,971,0.865626,0.716557
A00028784-ses-DS2,4.983011,344.023,760,0.601214,0.544333
A00028822-ses-DS2,4.630032,591.109,1264,0.47225,0.460104
A00028842-ses-DS2,5.122073,528.008,971,0.473472,0.325819
A00028844-ses-DS2,4.580285,578.336,1387,1.47197,1.14309
A00028845-ses-DS2,4.781804,583.344,1030,0.354416,0.278581
A00028858-ses-DS2,4.333625,761.672,2890,0.890594,0.740787
A00028912-ses-DS2,4.991026,534.031,1711,0.475914,0.385424
A00028929-ses-DS2,5.017782,406.297,890,0.489437,0.4194
A00028994-ses-DS2,5.251306,376.102,779,0.410065,0.314573
A00028995-ses-DS2,4.916138,495.891,1483,0.883057,0.758507
A00029075-ses-DS2,4.786835,574.406,1165,0.399696,0.366434
A00029076-ses-DS2,5.421804,417.625,841,0.280635,0.28476
A00029092-ses-DS2,5.507869,336.852,759,0.231759,0.276693
A00029104-ses-DS2,5.058377,435.562,885,0.496109,0.42613
A00029126-ses-DS2,5.120955,420.258,937,0.554401,0.379757
A00029127-ses-DS2,5.062619,421.383,843,0.4261,0.286409
A00029215-ses-DS2,5.191669,447.883,799,0.247531,0.244229
A00029219-ses-DS2,5.054100,586.414,1080,0.254845,0.231741
A00029230-ses-DS2,5.036452,446.672,785,0.459799,0.51018
A00029231-ses-DS2,5.350532,468.758,1013,0.342801,0.32921
A00029303-ses-DS2,5.480612,322.477,687,0.410486,0.436797
A00029304-ses-DS2,5.078148,459.539,1615,0.919209,0.660741
A00029979-ses-DS2,5.255624,489.477,979,0.482764,0.438597
A00030912-ses-DS2,4.350924,785.5,4488,1.198,1.38228
A00030913-ses-DS2,5.103525,467.469,902,0.347724,0.317453
A00030947-ses-DS2,4.658820,805.312,6674,0.636424,0.813009
A00030980-ses-DS2,5.194885,425.43,2273,0.588648,0.591478
A00030981-ses-DS2,5.118934,326.164,1567,0.341583,0.299665
A00030989-ses-DS2,5.214966,497.594,829,0.227268,0.292922
A00030990-ses-DS2,5.030556,469.898,1009,0.320062,0.331442
A00031167-ses-DS2,4.813198,506.82,2058,1.98743,1.07085
A00031216-ses-DS2,5.548780,298.125,632,0.453776,0.342651
A00031217-ses-DS2,5.296461,422.016,910,0.315643,0.286315
A00031219-ses-DS2,4.118793,3527.62,84098,5.5864,1.53819
A00031272-ses-DS2,5.236943,347.031,624,0.344351,0.275066
A00031452-ses-DS2,5.210278,403.289,959,0.235649,0.282571
A00031459-ses-DS2,5.020981,578.516,12594,0.380123,0.342384
A00031549-ses-DS2,5.901313,180.32,429,0.28338,0.284307
A00031605-ses-DS2,5.037365,325.953,710,1.02262,0.594282
A00031625-ses-DS2,5.372532,331.453,1475,0.486114,0.460265
A00031683-ses-DS2,5.163415,373.812,683,0.406052,0.348139
A00031794-ses-DS2,5.099250,399.219,807,0.675241,0.450017
A00031871-ses-DS2,5.275630,407.32,1907,0.747117,0.385394
A00031872-ses-DS2,5.023780,465.672,797,0.358429,0.406548
A00031881-ses-CLG4,5.873223,207.539,616,0.296731,0.384686
A00031881-ses-CLG4R,5.903084,203.961,510,0.371219,0.278578
A00031881-ses-CLG5,5.254992,362.672,1128,0.391138,0.327633
A00031881-ses-DS2,5.066172,421.055,787,0.623714,0.470225
A00031893-ses-DS2,5.716643,238.461,653,0.357468,0.361579
A00031894-ses-DS2,5.277842,413.148,2257,0.353919,0.424381
A00032007-ses-DS2,5.295369,447.969,1738,0.393189,0.371413
A00032010-ses-DS2,4.935115,475.055,981,0.557081,0.48584
A00032817-ses-DS2,5.242290,411.414,6156,0.318289,0.326058
A00032862-ses-DS2,5.013173,491.977,1204,1.03182,0.890182
A00032875-ses-DS2,5.297419,403.812,867,0.859948,0.655868
A00032876-ses-DS2,5.082657,399.594,687,0.523828,0.377747
A00033011-ses-DS2,5.116631,374.898,695,0.215693,0.242042
A00033021-ses-DS2,5.118572,414.695,1041,0.55241,0.352416
A00033180-ses-DS2,5.703806,293.977,850,0.401412,0.385037
A00033231-ses-DS2,5.377883,405.688,791,0.719225,0.483334
A00033232-ses-DS2,5.254656,439.422,809,0.235456,0.2393
A00033247-ses-DS2,4.892292,638.758,3205,1.20226,0.672922
A00033248-ses-DS2,5.648853,348.867,1936,0.430539,0.375116
A00033589-ses-DS2,5.422093,328.602,1282,0.315731,0.28096
A00033609-ses-DS2,5.200832,385.43,732,0.234452,0.226717
A00033640-ses-DS2,5.131061,413.414,1025,0.5514,0.434275
A00033643-ses-DS2,4.537511,2197.32,11113,1.51822,2.32898
A00033647-ses-DS2,5.043608,396.016,645,0.507213,0.38325
A00033673-ses-DS2,5.215757,384.023,1164,0.62828,0.390306
A00033714-ses-CLG4,4.927362,1089.93,8939,1.51478,1.82521
A00033714-ses-CLG4R,5.544898,568.773,13299,0.801869,0.749719
A00033714-ses-CLG5,5.235355,304.008,1146,0.823369,0.358961
A00033714-ses-DS2,5.938669,210.039,613,0.389735,0.401799
A00033734-ses-DS2,4.976055,549.258,2067,1.91759,1.53954
A00033735-ses-DS2,5.027992,422.898,859,0.662868,0.445701
A00033747-ses-DS2,5.516991,290.562,473,0.414236,0.321583
A00033748-ses-DS2,5.288427,250.773,728,0.808244,0.580792
A00033752-ses-DS2,5.521912,224.062,447,0.542561,0.456902
A00033764-ses-DS2,5.262467,381.242,717,0.3419,0.356235
A00033832-ses-DS2,5.482785,220.25,801,1.14877,0.628922
A00033834-ses-DS2,5.628705,209.031,446,0.377753,0.429969
A00033849-ses-DS2,5.252657,266.438,1129,0.986994,0.639452
A00033903-ses-DS2,5.536295,231.578,395,0.294331,0.299926
A00033963-ses-DS2,5.501430,239.141,475,0.307298,0.257427
A00033998-ses-DS2,5.353788,329.883,1017,0.457463,0.412122
A00034073-ses-DS2,5.868327,247.211,563,0.316712,0.45058
A00034074-ses-DS2,5.939835,180.836,976,0.410894,0.402121
A00034093-ses-DS2,5.253070,334.82,1685,0.518568,0.50374
A00034193-ses-DS2,5.553610,264.969,829,0.32023,0.371228
A00034350-ses-CLG4,5.768877,324.742,1111,0.8078,0.621737
A00034350-ses-CLG4R,6.036686,244.734,917,0.22804,0.382178
A00034350-ses-DS2,5.635063,489.555,4111,1.2071,0.666358
A00034385-ses-DS2,5.365376,300.102,1055,1.1274,0.698472
A00034400-ses-DS2,5.560802,202.383,571,0.401317,0.38186
A00034827-ses-DS2,5.732110,247.227,782,0.548202,0.523237
A00034854-ses-DS2,5.620223,244.164,593,0.573053,0.494326
A00034987-ses-DS2,5.653788,302.508,1613,0.845274,0.703799
A00035036-ses-DS2,5.500260,272.984,744,0.697023,0.497429
A00035054-ses-DS2,5.399591,366.328,2444,0.601536,0.78433
A00035072-ses-DS2,5.461975,187.141,350,0.333451,0.308498
A00035291-ses-CLG4,5.427494,255.977,1239,0.699546,0.489574
A00035291-ses-DS2,5.069488,995.859,5123,2.96283,1.63379
A00035292-ses-CLG4,5.322539,592.016,13729,0.857455,0.632684
A00035292-ses-CLG4R,5.447124,484.117,15639,0.224216,0.310184
A00035292-ses-CLG5,5.211265,306.016,570,0.202349,0.250164
A00035292-ses-DS2,5.950819,361.117,5163,0.291937,0.33405
A00035337-ses-DS2,4.859761,392.977,644,0.43054,0.454337
A00035364-ses-CLG4,5.208744,334.305,852,0.465939,0.346928
A00035364-ses-DS2,4.956031,766.508,6790,1.8008,1.32263
A00035377-ses-CLG4,5.296634,353.492,1780,0.604738,0.590373
A00035377-ses-CLG4R,5.471180,228.68,552,0.308091,0.258557
A00035377-ses-CLG5,5.100817,281.789,1205,0.422711,0.353858
A00035377-ses-DS2,5.415458,799.945,12044,0.856275,0.963299
A00035378-ses-DS2,5.676168,202.828,847,0.39225,0.330269
A00035437-ses-DS2,5.428754,178.844,432,0.27931,0.439698
A00035440-ses-DS2,5.695901,218.5,626,0.39381,0.279336
A00035504-ses-DS2,5.432526,278.898,1041,0.678252,0.39742
A00035535-ses-DS2,5.630744,274.859,759,0.497614,0.384208
A00035553-ses-DS2,5.736770,203.188,429,0.355942,0.308514
A00035561-ses-CLG4,5.312128,547.797,15172,1.15445,0.927257
A00035561-ses-CLG4R,4.215113,1832.38,14305,3.05052,2.82962
A00035561-ses-CLG5,5.221922,420.945,1394,1.11507,0.437067
A00035561-ses-DS2,5.276464,1107.13,4221,2.92147,2.26507
A00035562-ses-DS2,5.105292,506.633,1766,1.69277,1.11817
A00035606-ses-DS2,5.568525,238.711,754,0.764498,0.458503
A00035608-ses-DS2,6.065002,232.18,572,0.263898,0.31513
A00035625-ses-DS2,5.483181,286.312,2135,0.512323,0.430861
A00035633-ses-DS2,5.082050,292.977,744,0.673656,0.56277
A00035699-ses-DS2,5.901822,193.375,327,0.299133,0.268264
A00035744-ses-DS2,5.199778,371.57,2993,1.71659,0.638408
A00035765-ses-DS2,5.653136,186.445,606,0.365211,0.400573
A00035798-ses-DS2,5.831276,184.984,344,0.296809,0.285832
A00035827-ses-DS2,5.402575,330.922,1798,0.651714,0.614038
A00035840-ses-DS2,5.936134,213.734,497,0.305362,0.305841
A00035879-ses-DS2,5.629855,250.844,505,0.502558,0.575066
A00035881-ses-DS2,5.265218,374.773,1704,1.44427,0.937977
A00035926-ses-DS2,5.654226,225.531,418,0.262538,0.255181
A00035940-ses-CLG4,4.995140,395.625,5378,0.505706,0.451988
A00035940-ses-CLG4R,5.344075,265.773,935,0.246405,0.259667
A00035940-ses-DS2,5.460801,907.172,26587,0.373582,0.457169
A00035941-ses-DS2,5.566182,410.367,10115,0.621756,0.519502
A00035943-ses-DS2,5.777333,213.102,482,0.493363,0.37333
A00035945-ses-CLG4,4.829344,708.094,6999,1.96262,1.32154
A00035945-ses-CLG4R,5.208626,477.477,9556,1.27633,0.69514
A00035945-ses-DS2,5.533019,315.258,5291,1.03696,1.04834
A00035951-ses-DS2,5.627686,198.992,336,0.228434,0.241432
A00035960-ses-DS2,5.960317,270.961,930,0.455124,0.48367
A00037110-ses-DS2,5.742683,167.305,356,0.220229,0.281857
A00037111-ses-DS2,5.421007,196.633,413,0.384876,0.430864
A00037112-ses-DS2,5.417007,290.977,1370,1.33229,0.733327
A00037266-ses-DS2,5.962344,188.039,400,0.348117,0.241495
A00037267-ses-DS2,5.507538,245.32,885,0.671756,0.469252
A00037368-ses-DS2,5.586746,325.109,2874,0.740239,0.779802
A00037377-ses-DS2,5.568993,261.266,908,0.968457,0.616802
A00037378-ses-DS2,5.890442,234.078,566,0.360685,0.380729
A00037386-ses-DS2,5.816181,178.852,359,0.344363,0.315411
A00037387-ses-DS2,5.988310,213.484,378,0.23466,0.24471
A00037396-ses-DS2,5.841645,159.195,263,0.240004,0.266028
A00037421-ses-DS2,4.859921,588.672,7122,0.876649,1.27164
A00037439-ses-DS2,5.678202,216.492,418,0.472337,0.32637
A00037445-ses-DS2,5.245450,228.297,834,0.29131,0.352548
A00037458-ses-DS2,5.480073,267.562,908,1.11688,0.825666
A00037459-ses-DS2,5.977968,210.023,414,0.277284,0.29028
A00037476-ses-DS2,5.564826,542.633,8320,0.587025,0.589201
A00037483-ses-DS2,5.745624,313.352,6348,0.501612,0.366385
A00037492-ses-DS2,5.664552,225.492,1002,1.1227,0.650465
A00037510-ses-DS2,5.838573,194.516,401,0.256469,0.251537
A00037511-ses-DS2,5.759536,239.016,489,0.294724,0.310419
A00037522-ses-DS2,5.626537,237.422,646,0.416452,0.301223
A00037531-ses-DS2,5.690048,212.812,724,0.526464,0.489228
A00037545-ses-DS2,5.408521,256.273,2107,0.682384,0.55534
A00037582-ses-DS2,6.126268,178.719,398,0.197705,0.239302
A00037588-ses-DS2,5.672899,312.461,2265,0.546037,0.451631
A00037635-ses-DS2,5.573004,256.219,802,0.670705,0.464674
A00037646-ses-DS2,5.547436,234.711,776,0.381451,0.432262
A00037647-ses-DS2,5.972549,223.594,426,0.379203,0.33878
A00037725-ses-DS2,5.116162,490.688,2159,2.21324,1.44814
A00037726-ses-DS2,5.558304,281.047,2742,0.699108,0.344287
A00037767-ses-DS2,5.416122,235.32,706,0.89286,0.612417
A00037768-ses-DS2,5.503788,202.156,427,0.35476,0.360608
A00037783-ses-DS2,5.829969,173.539,315,0.417535,0.308603
A00037784-ses-DS2,5.622715,311.875,6987,0.614587,0.438473
A00037817-ses-DS2,5.792410,203.328,499,0.581086,0.42025
A00037818-ses-DS2,5.176485,304.359,691,0.415231,0.420257
A00037831-ses-DS2,5.460134,284,1488,1.34216,0.709893
A00037877-ses-DS2,6.047494,205.016,441,0.3171,0.253508
A00038115-ses-DS2,5.498598,305.672,1116,0.671142,0.398663
A00038158-ses-DS2,6.004101,213.531,547,0.567225,0.373542
A00038159-ses-DS2,5.814978,202.117,547,0.651236,0.460662
A00038189-ses-DS2,5.328845,251.398,744,0.678177,0.573618
A00038285-ses-DS2,5.831636,235.406,444,0.231272,0.217838
A00038411-ses-DS2,5.597944,256.438,944,0.274324,0.29897
A00038414-ses-DS2,5.696948,214.312,399,0.539581,0.401137
A00038424-ses-DS2,5.477451,226.234,587,0.559598,0.412858
A00038519-ses-DS2,5.279887,309.898,2034,1.12674,0.549082
A00038520-ses-DS2,5.812058,199.062,398,0.28471,0.236865
A00038522-ses-DS2,5.622752,248.562,830,0.76231,0.473594
A00038605-ses-DS2,5.505040,315.633,1568,1.20782,0.868137
A00038616-ses-DS2,5.806630,198.695,337,0.202879,0.207125
A00038623-ses-DS2,5.556578,261.336,3080,0.483222,0.408089
A00038642-ses-DS2,5.459844,327.43,7449,0.542663,0.361759
A00038706-ses-DS2,5.864501,321.891,4406,1.71718,0.435007
A00038718-ses-DS2,5.877610,222.172,907,0.4688,0.43537
A00038731-ses-DS2,6.027718,181.992,432,0.170813,0.178041
A00038805-ses-DS2,5.425838,265.164,549,0.393802,0.369971
A00038806-ses-DS2,5.757455,205.031,430,0.204603,0.202552
A00038817-ses-DS2,5.700282,202.57,705,0.986199,0.673708
A00038831-ses-DS2,5.988444,165.117,411,0.268135,0.175079
A00038832-ses-DS2,5.921019,232.078,4165,0.338842,0.204082
A00038957-ses-DS2,5.349435,212.508,981,0.911279,0.64869
A00038959-ses-DS2,5.394758,313.008,1069,0.913202,0.522104
A00038998-ses-DS2,5.481738,250.031,395,0.232256,0.197456
A00039040-ses-DS2,4.975783,330.453,964,0.87746,0.752555
A00039041-ses-DS2,5.647820,213.047,400,0.273337,0.235288
A00039074-ses-DS2,5.918277,158.156,347,0.45963,0.322646
A00039075-ses-DS2,5.825725,206.258,395,0.193363,0.243696
A00039083-ses-DS2,5.447039,266.203,975,0.621676,0.583324
A00039118-ses-DS2,5.322418,376.32,2684,0.830932,0.48788
A00039143-ses-DS2,5.903926,200.789,483,0.552242,0.381053
A00039159-ses-DS2,5.765663,254.414,951,0.918963,0.614161
A00039168-ses-DS2,5.225631,285.094,729,0.236051,0.293477
A00039218-ses-DS2,6.155726,179.594,419,0.306343,0.304516
A00039249-ses-DS2,5.423128,231.078,825,0.609106,0.554984
A00039257-ses-DS2,5.507799,200.727,618,0.628003,0.395872
A00039276-ses-DS2,5.493086,220.734,438,0.219169,0.253396
A00039331-ses-DS2,5.588129,209.172,512,0.775476,0.541415
A00039353-ses-DS2,5.706813,197.031,568,0.30352,0.410714
A00039391-ses-DS2,5.513073,244.703,2724,0.641183,0.512929
A00039393-ses-DS2,5.655717,198.555,337,0.296348,0.380824
A00039431-ses-DS2,5.495922,248.25,603,0.581362,0.539213
A00039432-ses-DS2,5.586876,184.133,313,0.316805,0.270987
A00039461-ses-DS2,5.297286,337.312,1636,1.46924,0.788608
A00039463-ses-DS2,5.791632,230.555,1859,0.495707,0.58325
A00039488-ses-DS2,5.109734,989.109,43745,1.00679,0.474557
A00039490-ses-DS2,5.012251,364.172,7965,0.631952,0.50126
A00039500-ses-DS2,5.284015,358.32,1108,1.20115,1.06363
A00039559-ses-DS2,5.357269,221.125,419,0.322228,0.272679
A00039560-ses-DS2,5.373590,236.844,1954,0.603766,0.579024
A00039593-ses-DS2,5.541533,223.93,523,0.311949,0.279099
A00039607-ses-DS2,5.016125,247.984,755,1.08787,0.919703
A00039635-ses-DS2,5.386968,240.031,477,0.329346,0.299252
A00039636-ses-DS2,5.617259,205.969,432,0.661455,0.508536
A00039639-ses-DS2,5.458867,275.266,957,0.376411,0.34105
A00039640-ses-DS2,5.452309,253.203,719,0.597462,0.378593
A00039655-ses-DS2,5.405407,272.32,780,0.32971,0.395519
A00039657-ses-DS2,5.562151,192.727,670,0.914757,0.759991
A00039669-ses-DS2,5.460265,218.664,467,0.569521,0.517973
A00039685-ses-DS2,5.125275,396.703,3656,1.39537,0.866911
A00039686-ses-DS2,5.183560,378.133,1197,1.18738,0.826055
A00039699-ses-DS2,5.526727,230.633,358,0.317214,0.228625
A00039700-ses-DS2,4.717060,776.086,6033,2.69076,1.45333
A00039755-ses-DS2,5.702621,168.406,745,0.400756,0.315001
A00039758-ses-DS2,5.315520,305.625,690,0.693834,0.493812
A00039783-ses-DS2,5.425006,239.211,1997,0.529518,0.411045
A00039819-ses-DS2,5.799274,236.734,1104,0.337437,0.443224
A00039820-ses-DS2,5.659760,225.188,645,0.475021,0.470934
A00039845-ses-DS2,5.223318,235.203,1124,0.360782,0.437998
A00039846-ses-DS2,5.577199,226.586,887,0.980539,0.627173
A00039866-ses-DS2,6.175152,175.641,417,0.257873,0.335958
A00039895-ses-DS2,5.556887,255,786,0.911845,0.630684
A00039916-ses-DS2,5.298770,350.031,10102,1.47135,0.542142
A00039923-ses-DS2,5.371634,287.023,1306,0.669228,0.660919
A00039943-ses-CLG4,4.682654,502.086,5663,0.64831,0.695901
A00039943-ses-CLG4R,4.983266,448.188,5180,0.453718,0.36446
A00039943-ses-CLG5,4.774553,362.18,1104,0.398122,0.453537
A00039951-ses-DS2,5.587545,229.25,433,0.517188,0.371123
A00039952-ses-DS2,5.388787,221.82,332,0.26306,0.346569
A00039966-ses-DS2,5.268759,283.438,929,1.07455,0.729369
A00039974-ses-DS2,5.284269,186.328,399,0.516348,0.325937
A00040116-ses-DS2,5.492106,218.023,594,0.5642,0.397461
A00040117-ses-CLG4,5.166405,564.422,5124,0.442987,0.477478
A00040117-ses-CLG4R,4.061085,1783.96,15932,2.09869,2.27205
A00040117-ses-CLG5,4.478732,968.945,13401,1.23902,0.936734
A00040151-ses-DS2,5.737926,206.711,525,0.563399,0.381832
A00040152-ses-DS2,5.342497,299.852,754,0.317297,0.32691
A00040174-ses-DS2,5.422268,283.766,1506,0.722653,0.546278
A00040182-ses-DS2,5.223877,274.172,878,0.610332,0.52626
A00040248-ses-DS2,5.034293,469.203,3869,1.14483,0.693607
A00040257-ses-DS2,5.525716,208.617,423,0.228636,0.264469
A00040285-ses-DS2,5.632775,307.469,4205,0.413523,0.339501
A00040286-ses-DS2,5.577835,238.406,701,0.499806,0.399716
A00040301-ses-DS2,5.543055,201.086,771,0.422754,0.385226
A00040311-ses-DS2,5.511440,282.547,4534,0.868276,0.600531
A00040312-ses-DS2,5.242180,274.734,737,0.651947,0.468089
A00040324-ses-DS2,5.433898,231.477,503,0.246471,0.264296
A00040342-ses-DS2,5.166110,317.211,2066,0.603061,0.708595
A00040343-ses-DS2,5.115547,265.031,669,0.938366,0.731691
A00040351-ses-DS2,5.493801,245.148,731,0.628658,0.3953
A00040382-ses-DS2,4.944277,448.094,3692,0.624866,0.682847
A00040383-ses-DS2,5.440197,330.094,1734,1.17169,0.686652
A00040439-ses-DS2,5.115711,249.156,706,1.02661,0.727959
A00040461-ses-DS2,5.645162,212.367,655,0.365673,0.366343
A00040462-ses-DS2,5.809917,211.266,582,0.473158,0.320129
A00040493-ses-DS2,5.406887,291.594,1238,0.809746,0.522878
A00040494-ses-DS2,5.581833,238.188,735,0.520663,0.563173
A00040500-ses-DS2,5.392582,302.453,1258,0.768466,0.552256
A00040517-ses-DS2,5.396206,333.18,1969,0.94056,0.462084
A00040524-ses-DS2,5.975837,201.898,680,0.209809,0.212871
A00040525-ses-DS2,5.310873,318.195,1396,1.02756,0.576913
A00040556-ses-CLG2R,5.965068,257.57,937,0.874289,0.55099
A00040556-ses-CLG4,4.288953,2549.98,12706,1.27432,1.25796
A00040556-ses-DS2,5.294838,1090.44,27831,0.687175,0.795178
A00040567-ses-DS2,5.462369,372.188,3227,1.36489,0.55203
A00040573-ses-DS2,5.365718,267.031,1297,1.14505,0.752825
A00040580-ses-DS2,5.422778,288.656,736,0.677785,0.475624
A00040594-ses-DS2,5.524084,294.469,866,0.57034,0.490998
A00040599-ses-DS2,5.080917,422.617,2389,1.96614,1.11501
A00040623-ses-DS2,5.358628,258.133,1690,0.772013,0.736471
A00040628-ses-DS2,6.174179,207.367,693,0.470205,0.324768
A00040629-ses-DS2,5.361417,228.891,727,0.62732,0.447635
A00040678-ses-DS2,5.498546,311.602,1734,1.12966,0.698671
A00040740-ses-DS2,5.352745,1012.45,21608,0.29503,0.323041
A00040741-ses-DS2,5.485402,209.953,612,0.282047,0.305243
A00040757-ses-DS2,5.269441,286.625,3761,0.826438,0.713026
A00040784-ses-DS2,5.359311,304.555,1020,0.948795,0.527093
A00040798-ses-CLG2,4.634339,1902.87,23705,2.28984,2.46887
A00040798-ses-CLG4,5.417324,330.812,1170,0.528607,0.363963
A00040800-ses-CLG2,5.841556,276.93,1245,0.265897,0.299841
A00040800-ses-CLG2R,5.453783,549.453,5725,0.606834,0.702018
A00040800-ses-CLG4,5.010148,326.922,828,0.316587,0.313428
A00040806-ses-DS2,5.050753,463.961,7113,1.41664,0.806735
A00040815-ses-CLG2,5.747322,523.836,4097,0.486293,0.501517
A00040815-ses-CLG4,4.801935,942.461,29009,1.09916,1.32342
A00040827-ses-DS2,5.913393,225.117,582,0.330719,0.310635
A00040891-ses-DS2,5.356948,228.531,723,0.890948,0.687783
A00040915-ses-DS2,5.751474,232.164,696,0.219261,0.28665
A00040944-ses-DS2,4.977480,667.188,20922,0.908918,0.958225
A00041503-ses-DS2,5.312023,499.508,4297,1.61989,1.13811
A00041540-ses-DS2,5.324093,373.117,1424,1.20167,0.801667
A00043240-ses-CLG2R,6.219921,265.25,1404,0.305398,0.379058
A00043240-ses-DS2,5.896143,218.641,704,0.540359,0.484805
A00043282-ses-DS2,5.949673,231.219,981,0.289439,0.457994
A00043283-ses-DS2,5.691499,238.078,781,0.268314,0.383119
A00043299-ses-DS2,4.947942,277.867,847,0.417621,0.454621
A00043325-ses-DS2,4.169043,630.555,2367,0.923115,0.869549
A00043384-ses-DS2,5.488518,358.852,1559,1.03314,0.669478
A00043417-ses-DS2,4.850502,339.305,1027,0.402481,0.346334
A00043450-ses-DS2,5.163063,306.289,1180,0.47814,0.398637
A00043462-ses-DS2,5.320831,261.086,672,0.432073,0.409912
A00043466-ses-DS2,5.226025,298.195,1298,0.782083,0.530767
A00043494-ses-DS2,5.305391,426.539,2886,1.66169,0.883582
A00043509-ses-DS2,5.243057,307.883,918,0.465548,0.287211
A00043520-ses-DS2,5.273209,266.695,583,0.535086,0.329835
A00043521-ses-DS2,5.360875,234.164,324,0.247436,0.277485
A00043617-ses-DS2,5.232579,271.617,564,0.635035,0.561173
A00043634-ses-DS2,4.993761,275.461,619,0.345921,0.32278
A00043635-ses-DS2,5.275966,318.375,3490,0.241962,0.324308
A00043649-ses-DS2,5.230257,360.664,2447,0.922491,0.367323
A00043677-ses-DS2,5.360330,276.781,1194,0.478953,0.409462
A00043722-ses-DS2,5.041589,350.281,864,0.681053,0.515566
A00043739-ses-DS2,5.265223,235.383,353,0.290237,0.294627
A00043740-ses-CLG2,4.365702,1387.81,13042,1.99897,1.7128
A00043740-ses-CLG2R,5.124187,687.914,20252,2.237,0.6672
A00043740-ses-CLG4,4.906365,446.328,5710,0.626503,0.450072
A00043758-ses-DS2,5.341418,212.273,354,0.276252,0.24753
A00043762-ses-DS2,4.803351,412.758,1664,0.415656,0.507327
A00043788-ses-CLG2,4.882560,554.938,12468,0.892529,1.10254
A00043788-ses-CLG4,5.185230,276.406,1348,0.504204,0.572608
A00043790-ses-DS2,5.182528,254.242,1243,0.850398,0.471523
A00044011-ses-DS2,4.749981,456.312,2712,1.79384,0.95665
A00044012-ses-DS2,5.490826,230.555,381,0.254674,0.246429
A00044068-ses-DS2,4.996911,300.477,444,0.291534,0.277788
A00044084-ses-CLG4,5.151018,346.586,1531,0.479704,0.354354
A00044084-ses-DS2,5.205598,282.531,558,0.3008,0.411586
A00044130-ses-DS2,5.269829,251.195,1393,0.654738,0.374151
A00044131-ses-DS2,5.223216,355.352,2497,0.252026,0.278693
A00044154-ses-DS2,4.860451,307.891,1078,0.855114,0.584105
A00044171-ses-DS2,5.492678,242.773,659,0.895181,0.644185
A00044291-ses-DS2,5.366526,261.914,520,0.257453,0.34594
A00044307-ses-DS2,5.147956,296.086,1909,0.914149,0.522381
A00044344-ses-DS2,4.625500,452.367,1774,1.02504,0.896612
A00044345-ses-DS2,5.015937,270.68,700,0.682872,0.54206
A00044369-ses-DS2,4.580114,350.438,3202,0.768613,0.627792
A00044370-ses-DS2,5.290111,253.641,592,0.264566,0.336173
A00044405-ses-DS2,4.944517,239.945,862,0.651421,0.297502
A00044408-ses-DS2,4.772558,334.594,666,0.255533,0.231265
A00044410-ses-DS2,4.909995,312.758,542,0.328544,0.275881
A00044427-ses-DS2,5.013338,273.859,581,0.368297,0.379251
A00045554-ses-DS2,4.954579,287.086,542,0.452015,0.352303
A00045589-ses-DS2,4.743737,396.719,2707,0.421107,0.374327
A00050679-ses-DS2,4.660733,328.406,611,0.566817,0.404544
A00050720-ses-DS2,5.100960,268.312,1046,0.575005,0.388635
A00050721-ses-DS2,4.415142,1972.27,24204,0.262484,0.322883
A00050742-ses-DS2,5.116487,238.016,470,0.30701,0.333472
A00050743-ses-CLG2,5.557276,257.664,787,0.554345,0.47078
A00050795-ses-DS2,5.199293,287.711,644,0.34075,0.342197
A00050848-ses-CLG2,5.512879,256.18,930,0.418495,0.319744
A00050848-ses-CLG2R,5.503664,280.219,636,0.23956,0.335058
A00050848-ses-CLG4,5.201539,273.602,504,0.274534,0.32456
A00050977-ses-DS2,4.862650,354.75,743,0.654963,0.489599
A00050998-ses-DS2,2.046073,6773.07,113017,0.406576,0.471542
A00051063-ses-DS2,5.522112,311.586,4235,0.370395,0.35034
A00051064-ses-DS2,5.204341,325.805,3284,0.478965,0.586266
A00051456-ses-DS2,4.906693,262.93,718,0.832487,0.569049
A00051457-ses-DS2,4.679245,330.852,576,0.198079,0.211142
A00051477-ses-DS2,5.273496,456.438,7936,0.37502,0.488648
A00051513-ses-DS2,5.004485,619.586,4007,0.888824,0.528963
A00051514-ses-DS2,5.377297,262.453,561,0.4885,0.42908
A00051517-ses-DS2,4.862782,264.82,589,0.778085,0.545274
A00051528-ses-DS2,4.826387,264.477,562,0.404622,0.294533
A00051529-ses-DS2,5.134486,245.375,402,0.402914,0.332849
A00051539-ses-DS2,5.467919,247.25,663,0.279233,0.371541
A00051604-ses-DS2,4.930292,327.141,480,0.273577,0.294189
A00051638-ses-DS2,5.354974,248.859,635,0.364258,0.455102
A00051658-ses-DS2,5.180638,848.219,6886,0.311079,0.239855
A00051676-ses-DS2,4.940168,356.492,1315,1.05318,0.607525
A00051678-ses-DS2,4.712986,331.336,1204,1.03864,0.700041
A00051679-ses-DS2,5.238410,270.516,549,0.586816,0.374279
A00051690-ses-DS2,5.067648,277.211,643,0.422343,0.422919
A00051691-ses-CLG2R,4.485832,1580.43,19641,1.72251,2.22899
A00051691-ses-CLG4,5.177809,354.406,2005,0.597632,0.383989
A00051726-ses-DS2,5.381503,282.32,591,0.365574,0.325898
A00051727-ses-CLG2,4.350793,1097.8,16720,3.05346,1.61031
A00051727-ses-CLG2R,5.563063,219.961,463,0.324084,0.305676
A00051758-ses-DS2,1.727344,16708,147956,0.557194,0.469488
A00051774-ses-DS2,5.005066,270.055,547,0.68002,0.455032
A00051796-ses-DS2,4.155618,624.445,2778,0.873803,0.832454
A00051835-ses-DS2,4.971171,271.68,1011,1.18596,0.7406
A00051882-ses-DS2,5.314452,247.586,514,0.331661,0.422394
A00051925-ses-DS2,5.396102,229.422,601,0.374563,0.341182
A00051927-ses-DS2,4.938399,375.422,1344,1.26436,0.799766
A00052069-ses-CLG2,5.448258,318.789,1663,0.95389,0.704171
A00052069-ses-CLG2R,5.394502,462.336,11403,0.578766,0.581593
A00052069-ses-CLG4,5.024904,478.461,6011,0.715419,0.622868
A00052070-ses-DS2,4.921137,367.844,572,0.296899,0.239723
A00052117-ses-DS2,5.324342,248.242,502,0.247618,0.29976
A00052118-ses-DS2,4.804083,588.508,12237,1.04641,0.720311
A00052126-ses-DS2,5.371127,280.789,507,0.251198,0.3335
A00052180-ses-DS2,5.066181,392.57,1175,0.725639,0.702122
A00052183-ses-CLG2,5.432990,323.844,727,0.396245,0.385094
A00052183-ses-CLG2R,4.843304,645.008,2713,1.08662,0.82218
A00052183-ses-CLG4,4.695071,573.891,2131,1.08648,0.622882
A00052197-ses-DS2,5.352656,322.328,1794,0.791092,0.533765
A00052214-ses-DS2,4.853046,267.672,694,0.424012,0.375888
A00052234-ses-DS2,4.986322,242.555,457,0.33318,0.435055
A00052237-ses-CLG4,4.657961,554,1661,1.80116,0.723016
A00052307-ses-DS2,5.457582,319.656,994,0.287695,0.3336
A00052319-ses-DS2,5.092787,295.242,714,0.420512,0.343191
A00052461-ses-CLG2,3.964801,2526.05,44196,1.15073,0.999808
A00052461-ses-CLG2R,4.749585,736.359,10298,0.6531,0.736125
A00052461-ses-CLG4,4.936826,354.031,1017,0.324765,0.376902
A00052499-ses-DS2,4.546288,502.242,3055,1.43074,0.603939
A00052502-ses-DS2,5.071678,383.953,2059,0.963488,0.502025
A00052577-ses-DS2,5.162930,297.555,889,0.352753,0.265809
A00052612-ses-DS2,4.819219,462.164,1816,1.37361,0.926471
A00052614-ses-DS2,5.265184,323.758,924,0.357142,0.314388
A00052639-ses-DS2,5.235912,290.117,1123,0.303703,0.339326
A00053171-ses-CLG4,5.081689,351.234,1085,0.377747,0.47608
A00053202-ses-DS2,4.864416,320.961,1097,0.615846,0.423296
A00053203-ses-CLG2,5.329662,359.352,1619,0.383786,0.425034
A00053203-ses-CLG4,5.370089,655.875,10523,0.344897,0.299348
A00053320-ses-CLG2R,5.331909,464.703,1965,0.359329,0.422701
A00053320-ses-CLG4,5.104582,461.234,1690,0.534698,0.536559
A00053320-ses-DS2,5.539339,375.883,1484,0.254933,0.295728
A00053369-ses-DS2,4.466599,428.93,1941,1.44138,0.766419
A00053390-ses-CLG2,4.690856,457.523,1552,0.976098,0.877883
A00053390-ses-CLG2R,4.903956,441.219,2151,0.400117,0.389286
A00053456-ses-DS2,4.728054,340.547,1295,0.372287,0.294126
A00053474-ses-DS2,5.304404,306.242,1264,0.458122,0.372713
A00053490-ses-CLG2,5.208854,398.242,4650,0.555309,0.547197
A00053490-ses-CLG2R,5.177338,409.469,1855,1.0875,0.756331
A00053546-ses-DS2,5.098648,330.633,966,0.312422,0.38358
A00053576-ses-DS2,5.234637,289.703,1139,0.412943,0.384291
A00053577-ses-DS2,4.866268,440.906,1230,0.936089,0.659232
A00053578-ses-DS2,4.851726,419.102,1184,0.367305,0.368398
A00053625-ses-DS2,4.734498,294.625,777,0.492898,0.33672
A00053626-ses-DS2,4.748271,311.688,776,0.313619,0.251696
A00053627-ses-DS2,5.125747,277.898,907,0.342958,0.264041
A00053744-ses-CLG2,5.070948,463.461,1829,0.517134,0.528079
A00053744-ses-CLG2R,5.357098,355.758,991,0.37964,0.339169
A00053873-ses-CLG2,4.645837,1104.73,8276,1.60186,1.21715
A00053873-ses-CLG2R,4.216729,2329.55,29769,1.68039,1.32257
A00053873-ses-CLG4,5.458154,287.055,664,0.383659,0.375717
A00053874-ses-DS2,4.686935,455.383,1735,0.967708,0.783252
A00053901-ses-DS2,4.818217,308.5,1048,0.868243,0.68516
A00053927-ses-DS2,4.862412,420.398,2291,0.593489,0.487032
A00053949-ses-DS2,4.825439,340.805,1176,0.193371,0.2334
A00054038-ses-DS2,4.490142,401.203,1008,0.549288,0.318711
A00054153-ses-DS2,4.797668,328.523,902,0.38355,0.455384
A00054173-ses-DS2,4.825416,376.633,1480,0.955021,0.712105
A00054206-ses-CLG2,4.671330,730.055,9558,0.429918,0.598211
A00054206-ses-CLG2R,4.779985,705.102,9806,0.514439,0.61513
A00054206-ses-CLG4,4.804601,413.562,1900,1.09264,0.440791
A00054358-ses-DS2,4.835610,321.289,899,0.768347,0.481847
A00054482-ses-DS2,4.553930,346.984,1287,0.59679,0.567128
A00054532-ses-DS2,5.102036,290.883,1248,0.301891,0.321111
A00054533-ses-DS2,5.207510,339.461,1366,0.732028,0.551645
A00054534-ses-DS2,5.246265,315.406,963,0.286672,0.328401
A00054578-ses-CLG2,5.198209,299.25,6023,0.235127,0.313334
A00054578-ses-CLG2R,3.770183,1954.45,13508,2.1013,2.4533
A00054581-ses-CLG2,4.786206,1092.14,13728,0.863345,0.710849
A00054581-ses-CLG2R,3.988953,2542.94,21893,3.30448,1.83787
A00054581-ses-CLG4,5.265144,407.521,961,0.896323,0.378395
A00054621-ses-DS2,4.717790,343.094,1252,0.450294,0.391825
A00054895-ses-DS2,4.728353,515.508,2767,1.73809,0.8834
A00054897-ses-DS2,3.806378,4204.33,26627,0.288285,0.355483
A00054913-ses-DS2,4.554263,369.258,2451,0.51718,0.445778
A00054929-ses-DS2,4.386071,521.477,2126,1.53521,1.21468
A00055061-ses-DS2,5.232835,281.562,816,0.355819,0.350572
A00055076-ses-CLG2,5.360112,259.312,603,0.345483,0.343505
A00055076-ses-CLG2R,5.602844,259.906,861,0.398723,0.393234
A00055076-ses-CLG4,5.387925,230.797,625,0.297991,0.251196
A00055116-ses-DS2,4.914709,463.055,2247,0.795653,0.653902
A00055122-ses-CLG2,5.089858,455.102,7076,0.589603,0.76607
A00055122-ses-CLG2R,5.335997,310.305,1646,0.327466,0.324367
A00055122-ses-CLG4,4.905156,284.367,731,0.319043,0.25865
A00055215-ses-DS2,4.851548,422.867,1522,0.981567,0.692426
A00055267-ses-CLG2,4.992956,516.445,8323,0.701853,0.570895
A00055267-ses-CLG4,4.784455,563.258,11656,0.845577,0.396286
A00055332-ses-DS2,5.252550,290.641,1376,0.374038,0.26563
A00055352-ses-DS2,5.138526,269.258,695,0.446326,0.406058
A00055353-ses-DS2,4.932680,314.062,845,0.55972,0.389879
A00055462-ses-CLG2,5.208459,405.008,2030,0.52839,0.47437
A00055462-ses-CLG2R,5.211395,466.484,8698,0.436192,0.461004
A00055542-ses-DS2,5.258204,252.539,1057,0.465722,0.303171
A00055612-ses-CLG2R,5.287113,370.305,2011,0.407941,0.333531
A00055612-ses-CLG4,4.376575,1178.75,7385,0.903932,1.05099
A00055612-ses-DS2,5.378605,338.711,923,0.237784,0.279373
A00055624-ses-CLG4,5.066486,351.867,1444,0.580377,0.388914
A00055693-ses-CLG2R,5.600843,238,786,0.310753,0.292446
A00055727-ses-DS2,4.628069,1186.52,6874,3.24496,1.64369
A00055728-ses-CLG2,5.024322,424.422,2412,0.816285,0.620714
A00055738-ses-DS2,4.880435,340.93,4621,1.16952,0.670066
A00055763-ses-DS2,5.084048,289.5,680,0.208964,0.231649
A00055806-ses-DS2,5.360167,263.656,724,0.314375,0.333718
A00055866-ses-CLG2R,5.472347,375.547,1954,0.565148,0.532373
A00055866-ses-DS2,5.533109,321.227,1247,0.352977,0.359994
A00055867-ses-CLG2,5.516738,336.008,952,0.229264,0.306288
A00055867-ses-CLG2R,5.358231,340.555,768,0.457578,0.436023
A00055903-ses-CLG2,5.245248,469.617,1749,0.722471,0.506889
A00055903-ses-CLG2R,5.476017,384.43,1406,0.342399,0.30163
A00055906-ses-DS2,5.294848,333.781,1329,0.258061,0.291604
A00055908-ses-CLG2,5.159635,712.234,9096,0.309038,0.37382
A00055920-ses-CLG2,5.108873,471.094,5129,1.39747,0.921541
A00055962-ses-DS2,4.978562,291.289,801,0.412967,0.355802
A00055991-ses-CLG2,5.154283,299.602,2108,1.0761,0.564672
A00055991-ses-CLG2R,5.092600,482.789,6758,1.47796,0.762884
A00056022-ses-CLG2R,4.966325,823.102,33273,0.767237,1.18436
A00056022-ses-DS2,5.114813,481.867,3589,0.375161,0.442272
A00056097-ses-DS2,5.072791,331.742,2908,0.26116,0.28638
A00056098-ses-DS2,5.146598,3035.76,7017,-1,-1
A00056138-ses-CLG2,5.268887,253.547,817,0.346946,0.265574
A00056138-ses-CLG2R,5.277630,305.828,5515,1.98092,0.5291
A00056138-ses-CLG4,4.937830,271.367,630,0.194808,0.260809
A00056164-ses-DS2,4.936274,342.242,930,0.791131,0.575663
A00056198-ses-CLG2,4.671235,1134.88,15016,2.33363,1.87596
A00056198-ses-CLG2R,2.789920,4273.89,12643,5.74761,7.31488
A00056295-ses-CLG2,5.110133,650.469,15696,1.62671,0.7786
A00056295-ses-CLG2R,5.489636,314.969,821,0.38955,0.334878
A00056306-ses-DS2,4.904863,401.648,3189,1.04278,0.791383
A00056307-ses-CLG2R,5.436836,387.539,1281,0.503957,0.408242
A00056307-ses-CLG4,5.154915,402.289,3260,1.01388,0.51671
A00056307-ses-DS2,5.710987,337.734,1367,0.274984,0.295395
A00056372-ses-DS2,4.823871,321.148,732,0.475539,0.459819
A00056419-ses-DS2,3.589458,2659.98,23238,3.59822,4.89554
A00056420-ses-DS2,5.149633,647.555,11056,0.710801,0.539904
A00056452-ses-DS2,5.159976,315.078,1370,1.21609,0.681008
A00056453-ses-DS2,5.257852,342.891,1252,0.269094,0.308683
A00056470-ses-CLG2,5.327950,263.344,732,0.282667,0.340455
A00056470-ses-CLG2R,5.148648,278.953,831,0.350334,0.483396
A00056489-ses-DS2,4.994392,321.805,1313,0.39923,0.368727
A00056605-ses-CLG2,5.457258,224.258,655,0.480798,0.419014
A00056605-ses-CLG2R,5.313586,243.594,889,0.688646,0.50968
A00056628-ses-DS2,4.289527,1957.77,32973,2.38842,1.36505
A00056679-ses-CLG2,5.391632,324.828,892,0.413006,0.360034
A00056679-ses-CLG2R,5.168929,395.734,3342,0.668193,0.563101
A00056703-ses-DS2,5.390269,274.102,841,0.40087,0.332768
A00056746-ses-CLG2,4.746443,1387.03,36510,0.880548,0.876773
A00056746-ses-CLG2R,4.656614,1797.04,20283,0.889637,1.2471
A00056830-ses-DS2,5.757599,254.984,912,0.328821,0.475811
A00056919-ses-DS2,5.160105,468.617,12095,0.394789,0.49006
A00056920-ses-CLG2,5.630863,286.367,1128,0.232985,0.281647
A00056920-ses-CLG2R,5.528402,409.633,7050,0.298373,0.479958
A00056949-ses-DS2,4.643752,713.273,3962,2.43734,1.40162
A00057405-ses-CLG2,5.183460,344.742,1024,0.943485,0.645716
A00057405-ses-CLG2R,5.300691,293.43,1862,0.460183,0.511205
A00057445-ses-DS2,4.829296,316.281,945,0.351355,0.412672
A00057480-ses-CLG2,5.348781,489.461,3889,0.526969,0.583373
A00057480-ses-CLG2R,5.454720,405.016,1216,0.633075,0.505854
A00057480-ses-CLG4,4.748951,733.828,7458,2.62965,0.706967
A00057725-ses-CLG2,3.127905,4230.14,18833,6.5207,9.6561
A00057725-ses-CLG2R,4.378608,3052.77,22354,3.79115,2.74343
A00057862-ses-CLG2,5.634626,382.25,1692,0.40053,0.440076
A00057967-ses-DS2,4.665265,1357.37,61968,1.37882,1.70379
A00058004-ses-CLG2,4.444151,1181.1,21711,2.97427,1.56192
A00058053-ses-CLG2,5.432520,234.172,603,0.275157,0.297011
A00058053-ses-CLG2R,5.162650,338.922,1278,1.33056,0.724704
A00058060-ses-CLG2,4.685352,939.633,10447,2.31384,1.8365
A00058060-ses-CLG2R,3.959801,2150.75,19150,2.08728,3.27841
A00058061-ses-CLG2,5.418229,305.844,1529,0.42549,0.423319
A00058061-ses-CLG2R,5.402569,308.898,1102,0.369238,0.445328
A00058130-ses-DS2,4.550560,395.539,3007,0.286225,0.260678
A00058145-ses-DS2,4.573481,367.672,866,0.474223,0.34925
A00058215-ses-CLG2,4.643271,876.398,7657,1.59437,1.20687
A00058215-ses-CLG2R,5.147596,492.43,3605,0.565126,0.739115
A00058229-ses-CLG2,4.060039,1915.17,21728,2.67365,2.41374
A00058229-ses-CLG2R,4.323450,1277.5,16550,2.48006,1.69795
A00058318-ses-DS2,4.668154,332.906,921,1.02372,0.6853
A00058436-ses-DS2,4.680529,379.398,1303,1.08075,0.761719
A00058503-ses-ALGA,4.871897,369.164,2779,0.671589,0.582977
A00058516-ses-CLG2,5.445344,306.789,1350,1.11889,0.629395
A00058516-ses-CLG2R,5.412408,332.672,1131,0.941002,0.639395
A00058537-ses-CLG2,5.186128,506.891,4751,0.603879,0.586537
A00058570-ses-DS2,4.294898,1784.92,26642,2.64326,2.52972
A00058644-ses-DS2,4.848295,324.281,565,0.395179,0.286961
A00058685-ses-CLG2,5.520085,272.438,603,0.446026,0.294829
A00058951-ses-CLG2,5.642059,260.578,822,0.588754,0.609969
A00058952-ses-ALGA,4.999852,265.375,532,0.307604,0.373725
A00058998-ses-DS2,4.647960,452,1866,1.21279,0.786058
A00059107-ses-DS2,4.627369,401.375,1764,1.57827,0.756897
A00059109-ses-CLG2,4.768881,1009.01,11336,0.551399,0.945348
A00059325-ses-CLG2R,4.526039,3174.73,33339,0.952962,1.28648
A00059325-ses-DS2,5.170201,344.508,1004,0.771865,0.524537
A00059327-ses-CLG2,5.337896,226.75,787,1.09367,0.457914
A00059327-ses-CLG2R,5.471253,267.172,1249,0.78251,0.367487
A00059361-ses-ALGA,4.526453,569.43,2334,1.2107,0.43779
A00059361-ses-DS2,5.172909,346.703,814,0.48163,0.32542
A00059427-ses-CLG2,5.322661,248.984,561,0.472369,0.421116
A00059662-ses-DSA,4.315454,529.344,3070,1.91586,1.06273
A00059663-ses-DS2,4.951499,341.203,910,0.328187,0.397768
A00059664-ses-DS2,5.039963,277.172,529,0.528036,0.421862
A00059845-ses-DS2,4.861234,566.234,3384,1.49876,0.677081
A00059865-ses-CLG2,5.560584,260.883,658,0.441088,0.342551
A00059865-ses-CLG2R,5.002805,576.18,3938,0.680179,0.683581
A00059935-ses-DS2,5.296457,353.648,1009,0.426544,0.478105
A00059990-ses-DSA,5.081825,381.414,1018,0.816061,0.602744
A00060005-ses-DSA,5.098268,304.477,915,0.912445,0.713486
A00060099-ses-CLG2,5.425597,268.75,3046,0.510511,0.22038
A00060099-ses-CLG2R,5.378338,298.086,3504,0.50901,0.298922
A00060100-ses-CLG2,5.172936,525.531,6441,0.893674,0.496494
A00060170-ses-DS2,4.826321,331.375,626,0.623976,0.410491
A00060184-ses-DS2,4.848140,375.453,1174,0.26632,0.243708
A00060185-ses-DS2,4.626358,534.086,3776,1.97663,0.919049
A00060252-ses-DS2,5.051740,317.109,823,0.429696,0.355966
A00060264-ses-DSA,5.079289,268.422,661,0.483978,0.415617
A00060280-ses-CLG2,5.477718,269.258,639,0.29567,0.252694
A00060280-ses-CLG2R,5.351681,267.961,553,0.239861,0.282732
A00060301-ses-DS2,4.693241,419.523,1006,0.618633,0.348536
A00060306-ses-DS2,4.314188,525.008,4373,0.246637,0.372022
A00060383-ses-DSA,5.049803,298.578,610,0.279997,0.395885
A00060384-ses-CLG2,4.349035,1254.57,6690,1.75635,1.38074
A00060429-ses-CLG2R,5.146496,449.219,9810,0.893081,0.690792
A00060430-ses-DS2,4.387159,868.047,4061,2.69526,1.58986
A00060431-ses-DS2,5.110978,305.016,587,0.348527,0.241958
A00060472-ses-CLG2,5.228140,270.438,603,0.234184,0.252869
A00060472-ses-CLG2R,5.104265,303.656,583,0.531521,0.364817
A00060493-ses-CLG2,3.409361,2467.42,15569,3.05562,4.13097
A00060503-ses-CLG2,5.274043,396.562,3039,0.814407,0.662343
A00060503-ses-CLG2R,4.685649,1132.49,5908,1.33305,1.407
A00060574-ses-DSA,4.136678,986,9114,1.35322,1.42899
A00060575-ses-DS2,4.787483,590.797,11196,1.10406,0.525226
A00060602-ses-ALGA,4.376498,333.531,752,0.499628,0.335027
A00060602-ses-DS2,4.773070,297.523,603,0.221479,0.258337
A00060603-ses-CLG2,5.353118,516.234,15756,0.817559,0.446972
A00060603-ses-CLG2R,4.721052,974.312,8288,1.73017,1.09554
A00060628-ses-DSA,4.051824,1804.92,12596,3.27597,2.11141
A00060630-ses-DS2,5.083342,254.195,612,0.254415,0.384414
A00060632-ses-DS2,5.034007,265.414,541,0.475152,0.405315
A00060662-ses-DS2,5.253466,252.023,510,0.299305,0.300873
A00060664-ses-CLG2R,5.517186,299.344,1462,0.3103,0.435222
A00060664-ses-DS2,4.706895,962.883,9836,0.989399,0.886056
A00060806-ses-CLG2,4.861766,313.523,938,0.631798,0.315896
A00060806-ses-CLG2R,4.883346,313.133,839,0.349363,0.301432
A00060846-ses-CLG2R,5.649887,370.914,1698,0.489005,0.492407
A00060846-ses-DS2,5.537069,297.797,840,0.480413,0.502965
A00060848-ses-DS2,4.474646,957.609,3614,2.00525,1.61199
A00060923-ses-DS2,4.826588,260.391,612,0.453611,0.351917
A00060925-ses-DS2,4.628793,398.719,1497,1.32844,0.829996
A00061001-ses-DSA,5.515899,260.945,767,0.299246,0.301265
A00061021-ses-DS2,4.773645,344.344,1570,0.776207,0.511279
A00061203-ses-DSA,4.573661,727.055,3288,2.17334,0.650926
A00061210-ses-DSA,5.099375,480.844,9609,0.454841,0.400311
A00061263-ses-DSA,5.067203,275.352,502,0.589677,0.299265
A00061274-ses-DSA,4.761086,395.664,1174,0.484602,0.42122
A00061275-ses-DSA,4.761587,314.484,1943,0.345869,0.289175
A00061276-ses-DSA,5.212375,305.156,1056,0.36334,0.409643
A00061281-ses-DSA,4.626198,385.328,768,0.397064,0.38153
A00061284-ses-DSA,5.089864,271.445,723,0.293087,0.31945
A00061298-ses-CLG2R,5.369520,418.516,1710,0.580762,0.452187
A00061298-ses-CLGA,5.337739,361.93,1034,0.369694,0.401693
A00061387-ses-DSA,4.832720,268.789,789,0.446072,0.305285
A00061483-ses-DSA,4.871816,305.375,593,0.548563,0.337106
A00061485-ses-DSA,4.556230,506.633,1653,2.05229,0.602884
A00061597-ses-DSA,5.139737,288.039,608,0.326371,0.311208
A00061598-ses-DSA,5.096756,283.219,731,0.758945,0.362587
A00061600-ses-DSA,4.730612,388.297,1477,0.6755,0.485275
A00061634-ses-DSA,5.272481,266.539,702,0.721921,0.343119
A00061647-ses-DSA,4.848636,358.648,1476,1.0982,0.454374
A00061656-ses-DSA,4.845249,359.062,686,0.458405,0.29557
A00061666-ses-DSA,4.880541,293.133,936,0.973062,0.426157
A00061711-ses-DSA,4.994614,313.055,834,0.714971,0.449138
A00061714-ses-CLG2R,4.992228,722.578,8874,1.17358,0.618694
A00061714-ses-CLGA,5.473474,326.344,1384,0.576046,0.351908
A00061715-ses-CLG2R,5.336908,434.562,7394,0.418413,0.514257
A00061715-ses-DSA,5.298258,365.25,1832,0.348543,0.418444
A00061725-ses-DSA,4.938808,307.852,627,0.475805,0.256447
A00061727-ses-DSA,4.710226,1074.91,18591,1.61413,0.942013
A00061728-ses-DSA,4.444824,382.828,1027,0.943748,0.410418
A00061730-ses-DSA,8.322254,247.192,575,0.251277,0.316895
A00061749-ses-CLG2R,5.539260,288.039,704,0.69861,0.317929
A00061749-ses-CLGA,5.729724,254.156,885,0.326255,0.252832
A00061767-ses-DSA,5.048008,382.352,925,0.476842,0.334119
A00061787-ses-DSA,4.741394,336.094,1241,0.84473,0.564856
A00061790-ses-DSA,4.847725,615.211,3656,1.69931,0.547576
A00061806-ses-DSA,4.975362,340.68,1373,0.472153,0.241553
A00061881-ses-DSA,5.201005,315.547,1026,0.737291,0.324274
A00061883-ses-CLG2R,5.467735,311.234,904,0.272177,0.313771
A00061883-ses-CLGA,5.346254,393.016,7615,0.347563,0.264838
A00061962-ses-DSA,4.913771,312.094,1087,0.451397,0.322908
A00062009-ses-CLG2R,4.299016,1167.31,29171,4.46826,1.40602
A00062081-ses-CLG2R,5.559764,289.953,647,0.476565,0.2333
A00062081-ses-CLGA,5.307107,437.742,2035,1.12533,0.331275
A00062085-ses-CLGA,4.411538,2138.95,29909,0.433052,0.622085
A00062144-ses-CLG2R,4.745325,337.258,908,1.1168,0.377408
A00062144-ses-DSA,5.219658,324.727,984,0.312604,0.403694
A00062146-ses-CLG2R,4.959319,285.383,707,0.587372,0.307053
A00062146-ses-CLGA,5.080759,753.883,4453,0.405301,0.416857
A00062248-ses-DSA,5.048158,285.133,2230,0.571702,0.58456
A00062255-ses-DSA,4.927455,336.836,788,0.52,0.241147
A00062266-ses-DSA,4.968971,253.836,565,0.438942,0.377775
A00062268-ses-DSA,5.130412,337.484,1222,0.976697,0.365255
A00062282-ses-DSA,5.106364,330.883,880,0.22347,0.296038
A00062285-ses-DSA,4.938146,245.453,623,0.441546,0.222501
A00062288-ses-DSA,5.042402,293.305,888,0.986834,0.375778
A00062292-ses-DSA,4.797554,328.289,1116,1.0489,0.388146
A00062351-ses-DSA,5.153586,323.461,658,0.320758,0.229163
A00062353-ses-CLG2R,5.147005,553.773,13927,1.35912,0.44667
A00062353-ses-DSA,5.435506,393.055,1396,1.28661,0.499043
A00062361-ses-CLG2R,5.474531,357.617,957,0.298907,0.437386
A00062361-ses-DSA,5.065506,486.344,1617,1.04451,0.457069
A00062368-ses-DSA,5.245160,281.719,830,0.496045,0.435063
A00062369-ses-CLG2R,5.015019,305.164,1632,1.10373,0.412608
A00062369-ses-CLGA,4.901889,335.469,1208,0.895044,0.359801
A00062411-ses-DSA,4.679564,1426.01,10702,1.23622,0.874127
A00062416-ses-DSA,4.752782,455.328,3728,1.63312,0.818635
A00062797-ses-CLGA,4.661913,704.406,9821,2.10797,1.11432
A00062809-ses-CLG2R,5.019139,266.977,522,0.783119,0.325533
A00062809-ses-DSA,4.930026,337.695,1995,1.1445,0.411926
A00062917-ses-DSA,5.372792,297.812,823,0.546582,0.262883
A00062920-ses-DSA,4.919266,451.125,1775,1.13993,0.469872
A00062923-ses-DSA,4.507748,392.898,763,0.860915,0.425309
A00062926-ses-DSA,5.088523,313.938,1626,0.629734,0.346778
A00062928-ses-DSA,5.203733,342.688,911,0.588824,0.299847
A00062929-ses-DSA,5.157458,301.18,901,0.816355,0.264251
A00062934-ses-DSA,5.009250,305.656,680,0.280683,0.297044
A00062937-ses-DSA,4.828444,369.055,1428,1.44058,0.457952
A00062983-ses-CLG2R,5.185668,261.398,503,0.541211,0.234561
A00062983-ses-DSA,4.925231,328.328,826,0.553658,0.422274
A00062989-ses-CLG2R,5.210935,267.812,488,0.297004,0.307988
A00062989-ses-DSA,5.207403,269.156,1248,0.376632,0.262127
A00062996-ses-CLG2R,5.067454,689.344,10157,0.751637,0.564333
A00062996-ses-CLGA,5.588060,260.102,682,0.267627,0.326518
A00063003-ses-CLG2R,4.555953,496.539,1899,0.705257,0.927578
A00063003-ses-DSA,4.423853,676.781,3286,1.71969,0.650516
A00063006-ses-CLGA,5.075071,285.766,706,0.659612,0.415214
A00063031-ses-DSA,5.273174,267.812,638,0.552785,0.30502
A00063103-ses-DSA,5.499138,251.727,572,0.328555,0.309333
A00063110-ses-DSA,4.873765,381.508,1200,0.319176,0.345835
A00063327-ses-DSA,3.527026,3010.32,20035,5.51465,3.78592
A00063368-ses-DSA,4.394071,477.734,2938,1.52285,0.52358
A00063383-ses-CLG2R,4.989099,211.609,527,0.519589,0.335654
A00063383-ses-CLGA,4.575195,710.609,7429,2.63569,0.745703
A00063424-ses-DSA,3.704346,1943.79,15641,4.24877,1.85748
A00063450-ses-DSA,5.012432,274.836,485,0.393538,0.309425
A00063455-ses-DSA,4.943198,306.008,571,0.523247,0.251673
A00063458-ses-DSA,4.466154,362.711,639,0.468047,0.304517
A00063470-ses-DSA,4.056978,550.344,1392,1.65601,0.758817
A00063473-ses-DSA,4.489734,278.914,481,0.675834,0.451409
A00063479-ses-DSA,4.670698,299.281,577,0.492407,0.417892
A00063481-ses-DSA,5.033892,249.328,959,0.321836,0.469574
A00064053-ses-DSA,4.715775,292.352,843,0.791055,0.448859
A00064061-ses-DSA,4.374923,397.594,2554,1.09257,0.680909
A00064323-ses-DSA,4.106410,754.719,4108,1.42056,0.654047
A00064328-ses-DSA,4.811582,321.414,494,0.316089,0.328929
A00064415-ses-DSA,4.910855,287.359,925,0.655678,0.443112
A00064416-ses-DSA,5.060213,256.062,649,1.06875,0.514043
A00064418-ses-DSA,5.305606,306.93,998,0.671935,0.434315
A00064503-ses-CLG2R,4.790201,1038.29,33658,0.534486,0.473136
A00064503-ses-CLGA,5.104582,461.234,1690,0.534698,0.536559
A00064505-ses-CLG2R,4.776369,551.711,4313,0.932511,0.586386
A00064505-ses-CLGA,4.657358,468.664,4051,0.705786,0.697248
A00064507-ses-CLG2R,5.429106,381.32,3193,0.803711,0.698623
A00064507-ses-DSA,5.043568,993.219,31514,0.498682,0.600089
A00064580-ses-DSA,4.386844,1492.57,11650,1.26695,1.78965
A00064596-ses-CLG2R,4.970312,355.773,1001,0.699523,0.639591
A00064596-ses-CLGA,4.475115,1027.81,16171,1.27466,1.00133
A00065178-ses-DSA,4.113201,1707.72,38147,2.60091,2.32929
A00065197-ses-DSA,4.716117,346.977,792,0.312578,0.405332
A00065250-ses-DSA,4.844348,784.93,27705,1.97387,2.31774
A00065263-ses-DSA,5.134395,328.328,1168,0.59686,0.231471
A00065302-ses-DSA,4.441795,545.781,2416,0.89563,0.478185
A00065478-ses-DSA,4.520648,431.875,2452,2.14358,0.584645
A00065480-ses-DSA,4.539883,289.453,574,0.436736,0.289694
A00065487-ses-DSA,5.098518,269.477,688,0.432569,0.345878
A00065565-ses-DSA,4.485370,396.859,913,0.449509,0.308912
A00065572-ses-DSA,4.267227,660.312,2254,2.42899,0.711001
A00065574-ses-DSA,4.775136,297.211,792,0.351842,0.28686
A00065717-ses-DSA,4.902663,298.273,840,0.451407,0.350547
A00065722-ses-DSA,4.335030,450.375,1160,1.09892,0.464758
A00065743-ses-ALGA,4.858009,256.898,476,0.478462,0.258446
A00065749-ses-DSA,4.651025,390.977,8767,0.755486,0.480005
A00065790-ses-DSA,4.892539,372.508,884,0.727482,0.465479
A00065792-ses-CLG2R,5.271697,247.969,500,0.273804,0.380469
A00065792-ses-CLGA,5.085888,558.398,7563,0.709565,0.496819
A00065802-ses-CLG2R,5.149054,277.141,666,0.214083,0.228638
A00065802-ses-DSA,5.316603,263.664,728,0.319083,0.277664
A00065820-ses-DSA,4.285945,1128.5,8480,2.17414,1.57805
A00065865-ses-DSA,4.386484,444.531,831,0.392207,0.336171
A00065873-ses-DSA,4.507882,353.953,1625,0.636094,0.453976
A00065934-ses-CLGA,4.871292,516.148,5701,0.650148,0.726459
A00065974-ses-DSA,4.871610,420.898,3806,3.25425,0.74975
A00065991-ses-DSA,5.121821,232.594,492,0.617775,0.309725
A00065995-ses-DSA,4.925319,312.516,836,0.791715,0.385369
A00066013-ses-ALGA,4.657702,291.477,734,0.941729,0.335228
A00066130-ses-DSA,4.412939,335.508,739,0.865289,0.407025
A00066162-ses-ALGA,5.070917,240.812,584,0.543768,0.240193
A00066232-ses-DSA,4.622539,482.055,1244,1.4054,0.515582
A00066237-ses-ALGA,4.750852,240.453,607,0.516412,0.342174
A00066245-ses-ALGA,4.739589,381.859,1990,1.46268,0.431869
A00066246-ses-DSA,4.596620,401.961,1923,0.931749,0.354024
A00066282-ses-DSA,4.742014,408.18,1421,1.45903,0.514318
A00066302-ses-DSA,4.406707,373.227,954,1.0311,0.456167
A00066314-ses-CLGA,4.782968,798.469,10461,0.877163,0.62432
A00066319-ses-DSA,5.125127,259.234,2166,0.31691,0.424369
A00066389-ses-DSA,5.071988,247.703,387,0.386873,0.255985
A00066396-ses-DSA,4.833594,278.961,625,0.859082,0.405609
A00066419-ses-ALGA,4.925002,272.539,624,0.516573,0.322462
A00066460-ses-DSA,4.153785,496.367,5309,1.14601,0.700388
A00066539-ses-DSA,4.393218,378.492,1132,0.50172,0.312501
A00066572-ses-CLG2R,5.141657,282.836,595,0.247856,0.318168
A00066572-ses-CLGA,5.219743,279.703,565,0.388399,0.376409
A00066573-ses-CLG2R,4.459794,986.625,9095,1.45875,1.96401
A00066573-ses-DSA,4.882810,624.758,12461,1.00659,0.904797
A00066580-ses-CLG2R,4.585589,1139.56,5707,4.03592,1.05727
A00066581-ses-CLGA,5.085040,658.875,14750,0.786115,0.492189
A00066582-ses-CLG2R,4.037675,1442.6,10100,1.07754,1.38348
A00066582-ses-CLGA,5.161841,262.75,728,0.293617,0.330359
A00066584-ses-DSA,4.946596,433.047,5508,0.386896,0.508771
A00066589-ses-CLGA,5.303334,259.266,497,0.328624,0.197122
A00066697-ses-CLG2R,5.052673,415.023,7231,1.09574,1.71408
A00066735-ses-DSA,4.882880,371.055,1149,0.363648,0.453255
A00066800-ses-DSA,4.871873,283.469,694,0.550472,0.289024
A00066820-ses-DSA,4.658722,324.609,620,0.328811,0.307278
A00066831-ses-DSA,4.146201,412.906,573,0.307468,0.346175
A00066860-ses-CLG2R,3.673608,1872.41,14559,3.14747,2.43416
A00066860-ses-DSA,4.220444,2520.33,12595,0.356536,0.453402
A00066864-ses-ALGA,5.081672,266.273,775,0.597779,0.455116
A00066871-ses-ALGA,4.743788,275.18,661,0.660106,0.373803
A00067174-ses-ALGA,4.431438,435.852,1034,0.50494,0.375442
A00073230-ses-ALGA,4.769863,285.938,493,0.500563,0.355065
A00073283-ses-ALGA,4.642985,299.875,725,0.342635,0.494289
A00073296-ses-DSA,3.794909,819.43,2376,2.52591,1.07096
A00073308-ses-DSA,4.457458,361.32,686,0.36412,0.267873
A00073525-ses-ALGA,4.378001,432.703,2053,1.56432,0.409881
A00073529-ses-ALGA,4.748687,294.242,1109,1.40306,0.456418
A00073611-ses-ALGA,4.460442,301.43,465,0.919153,0.516787
A00073677-ses-ALGA,4.573710,284.727,1026,0.908575,0.458038
A00073705-ses-DSA,4.460320,289.156,563,0.547761,0.347329
A00073942-ses-ALGA,4.254136,430.266,2410,1.59336,0.668131
A00073953-ses-ALGA,4.665976,309.352,885,0.753335,0.397696
