A00008326-ses-DS2,6.950522,160.453,292,0.112996,0.208453
A00008326-ses-DS2.bk,,,,,
A00010893-ses-DS2,7.500647,164.625,372,0.105043,0.130128
A00013809-ses-DS2,7.310318,392.875,1184,0.144016,0.16378
A00018030-ses-CLG4,8.077793,159.734,691,0.0965215,0.144268
A00018030-ses-CLG4R,7.853584,195.062,568,0.18774,0.146515
A00018030-ses-DS2,6.949525,263.109,894,0.148408,0.147854
A00019903-ses-DS2,7.481476,354.82,752,0.112419,0.0975068
A00023510-ses-DS2,7.522329,396.422,966,0.127458,0.140882
A00025566-ses-DS2,7.059097,432.93,1471,0.165495,0.169132
A00027159-ses-CLG4,7.351987,221.586,501,0.099121,0.0550351
A00027159-ses-CLG4R,7.627171,188.57,466,0.0899494,0.103144
A00027159-ses-DS2,6.659456,259.312,541,0.156858,0.173059
A00027167-ses-CLG4,8.656606,590.727,1352,0.111241,0.0635499
A00027167-ses-CLG4R,8.434056,637.148,1569,0.105001,0.0868915
A00027167-ses-DS2,8.450430,1234.68,3151,0.127263,0.148074
A00027439-ses-CLG4,7.742470,168.641,319,0.0764519,0.0951743
A00027439-ses-CLG4R,7.825976,188.188,456,0.124741,0.16852
A00027439-ses-DS2,7.148656,209.914,443,0.116551,0.0799917
A00027443-ses-DS2,7.110121,392.477,726,0.135962,0.165042
A00027544-ses-DS2,7.445981,394.789,800,0.143144,0.137237
A00027651-ses-DS2,6.957298,191.523,319,0.10452,0.149726
A00028150-ses-DS2,7.427013,145.945,255,0.0556331,0.0658417
A00028152-ses-DS2,6.604724,415.023,1512,0.09354,0.0680499
A00028177-ses-DS2,6.735461,199.383,377,0.0896641,0.110961
A00028184-ses-DS2,6.917169,204.977,353,0.112042,0.0822363
A00028185-ses-DS2,7.322473,208.547,843,0.0886251,0.0584464
A00028192-ses-DS2,7.130254,341.469,1375,0.0868109,0.104479
A00028207-ses-DS2,7.320227,156.758,296,0.110984,0.138065
A00028246-ses-DS2,7.292773,210.578,453,0.118422,0.0756928
A00028266-ses-DS2,6.652434,261.422,591,0.0882624,0.0616383
A00028287-ses-DS2,7.085062,215.133,458,0.120061,0.162936
A00028339-ses-DS2,6.906887,183.406,371,0.0561088,0.0533497
A00028340-ses-DS2,7.104517,152.445,430,0.0860905,0.0663105
A00028352-ses-DS2,7.101914,184.539,597,0.099928,0.119207
A00028380-ses-DS2,6.863639,153.492,361,0.0464573,0.0506481
A00028389-ses-DS2,7.098690,205.57,466,0.0826227,0.0545321
A00028399-ses-DS2,7.234845,156.57,265,0.0604507,0.0806231
A00028400-ses-DS2,6.658645,250.414,648,0.0853582,0.0858235
A00028429-ses-DS2,7.172250,177.992,497,0.0732361,0.0809951
A00028430-ses-DS2,7.007955,144.82,324,0.0590224,0.081691
A00028468-ses-DS2,6.783513,313.359,574,0.0956439,0.121865
A00028552-ses-DS2,7.505500,351.578,1022,0.112415,0.136126
A00028605-ses-DS2,6.873495,202.945,380,0.126257,0.159661
A00028606-ses-DS2,7.184901,208.805,432,0.0827154,0.103408
A00028613-ses-DS2,7.424589,264.281,853,0.104953,0.095447
A00028625-ses-DS2,7.266883,276.539,610,0.0584594,0.0801321
A00028656-ses-DS2,7.126516,161.016,324,0.0835306,0.0716725
A00028678-ses-DS2,6.967942,249.102,546,0.0770004,0.0857525
A00028691-ses-DS2,6.971117,239.914,470,0.0815012,0.0646169
A00028694-ses-DS2,7.308427,245.68,1129,0.0735292,0.100062
A00028753-ses-DS2,7.029624,147.648,372,0.0712155,0.0783272
A00028754-ses-DS2,6.620434,275.672,644,0.109492,0.117084
A00028766-ses-DS2,6.935493,203.016,414,0.157091,0.197181
A00028784-ses-DS2,6.723391,185.672,350,0.0941228,0.111552
A00028822-ses-DS2,6.661541,239.031,486,0.0698313,0.0743724
A00028842-ses-DS2,7.308751,426.188,728,0.0798043,0.0683002
A00028844-ses-DS2,6.587127,216.883,467,0.104492,0.14137
A00028845-ses-DS2,7.118156,236.516,457,0.0657543,0.07642
A00028858-ses-DS2,6.881267,396.305,1106,0.0946172,0.0871179
A00028912-ses-DS2,7.145878,257.227,524,0.0731766,0.0734594
A00028929-ses-DS2,7.077356,251.594,1059,0.0992673,0.109623
A00028994-ses-DS2,7.067964,170.93,378,0.0566543,0.0635439
A00028995-ses-DS2,6.741688,231.414,476,0.154752,0.114264
A00029075-ses-DS2,6.962830,617.578,1894,0.0855892,0.122862
A00029076-ses-DS2,7.280592,157.266,317,0.0513883,0.0687397
A00029092-ses-DS2,7.181482,165.492,314,0.0706259,0.097373
A00029104-ses-DS2,6.844806,228.258,631,0.0757539,0.103089
A00029126-ses-DS2,6.964843,197.578,592,0.0592237,0.0770104
A00029127-ses-DS2,6.699452,248.117,615,0.0795807,0.100712
A00029215-ses-DS2,6.957190,226.477,434,0.0724055,0.0821906
A00029219-ses-DS2,7.279589,256.273,385,0.0420775,0.0636756
A00029230-ses-DS2,6.793169,452.328,1370,0.105297,0.0986994
A00029231-ses-DS2,7.298957,340.961,1025,0.068808,0.107131
A00029303-ses-DS2,7.028540,162.961,615,0.0804766,0.0883913
A00029304-ses-DS2,6.959840,194.039,453,0.0861538,0.122376
A00029979-ses-DS2,6.837726,401.102,1587,0.144124,0.20003
A00030912-ses-DS2,6.493520,233.688,638,0.107654,0.0964457
A00030913-ses-DS2,6.515866,250.336,476,0.0882619,0.108571
A00030947-ses-DS2,6.396986,689.906,3649,0.220803,0.342539
A00030980-ses-DS2,7.092358,206.164,550,0.143862,0.240216
A00030981-ses-DS2,6.805662,130.617,325,0.0873177,0.114784
A00030989-ses-DS2,6.950537,278.484,500,0.125855,0.121696
A00030990-ses-DS2,6.530543,628.656,1503,0.0885454,0.0944417
A00031167-ses-DS2,6.656951,193.711,741,0.206473,0.13829
A00031216-ses-DS2,7.185187,151.789,369,0.0656135,0.0644718
A00031217-ses-DS2,6.968575,238.242,537,0.0900349,0.134774
A00031219-ses-DS2,7.840158,3188.62,43609,1.89235,1.11395
A00031272-ses-DS2,6.848018,179.234,526,0.0874066,0.0931245
A00031452-ses-DS2,7.047610,293.133,556,0.0897897,0.113106
A00031459-ses-DS2,6.984631,192.508,595,0.0858073,0.0925037
A00031549-ses-DS2,7.560860,140.305,268,0.0843556,0.109099
A00031605-ses-DS2,6.675938,181.945,416,0.128949,0.179539
A00031625-ses-DS2,7.169164,147.5,364,0.138121,0.119014
A00031683-ses-DS2,7.024789,172.156,451,0.046008,0.0741377
A00031794-ses-DS2,6.915406,189.133,427,0.0636737,0.0948172
A00031871-ses-DS2,7.020081,180.422,509,0.17662,0.106506
A00031872-ses-DS2,6.904628,182.508,308,0.0749178,0.0731441
A00031881-ses-CLG4,7.410450,145.562,307,0.101757,0.129784
A00031881-ses-CLG4R,7.539667,137.453,338,0.0906569,0.135789
A00031881-ses-CLG5,8.088578,174.047,316,0.110267,0.117225
A00031881-ses-DS2,6.673477,246.523,517,0.0972506,0.11867
A00031893-ses-DS2,7.711752,159.047,341,0.065696,0.0642982
A00031894-ses-DS2,6.838009,216.047,779,0.08844,0.0757099
A00032007-ses-DS2,7.096813,206.367,389,0.060778,0.0880793
A00032010-ses-DS2,6.995769,187.289,320,0.0700237,0.111105
A00032817-ses-DS2,6.796684,208.281,707,0.0780484,0.0904818
A00032862-ses-DS2,7.113279,188.828,409,0.0832583,0.0899092
A00032875-ses-DS2,7.230995,203.688,431,0.0972738,0.153011
A00032876-ses-DS2,7.250331,294.008,682,0.0588715,0.0631832
A00033011-ses-DS2,6.886857,129.234,265,0.0485657,0.0481514
A00033021-ses-DS2,7.352077,130.109,347,0.086909,0.0860052
A00033180-ses-DS2,7.703186,122.023,297,0.0690333,0.074472
A00033231-ses-DS2,7.367148,170.82,399,0.0729669,0.102246
A00033232-ses-DS2,6.930984,186.711,355,0.0663417,0.0660559
A00033247-ses-DS2,7.047301,196.656,722,0.0993321,0.12222
A00033248-ses-DS2,7.484816,259.383,569,0.103297,0.144151
A00033589-ses-DS2,6.975519,260.422,583,0.0756328,0.0903449
A00033609-ses-DS2,6.897330,185.609,324,0.0615257,0.0497363
A00033640-ses-DS2,6.992171,181.445,479,0.13719,0.202046
A00033643-ses-DS2,7.180286,395.898,1308,0.255793,0.342797
A00033647-ses-DS2,7.142238,212.336,443,0.0953791,0.0717256
A00033673-ses-DS2,7.311798,203.008,547,0.0886565,0.0925509
A00033714-ses-CLG4,7.322300,356.492,1261,0.174737,0.233851
A00033714-ses-CLG4R,7.613132,217.555,2148,0.0926841,0.108869
A00033714-ses-CLG5,7.918829,185.469,508,0.0882884,0.0890989
A00033714-ses-DS2,7.603294,178.875,355,0.0757957,0.0875644
A00033734-ses-DS2,7.444368,166.742,325,0.132939,0.15849
A00033735-ses-DS2,7.422728,128.367,468,0.11134,0.0794674
A00033747-ses-DS2,7.313996,114.461,244,0.165182,0.142432
A00033748-ses-DS2,7.418353,157.625,379,0.142292,0.10479
A00033752-ses-DS2,7.731094,156.148,489,0.0491373,0.0694377
A00033764-ses-DS2,7.077781,186.695,344,0.0867409,0.08916
A00033832-ses-DS2,7.736416,240.367,745,0.078578,0.0994517
A00033834-ses-DS2,7.663652,205.727,402,0.0827829,0.0919555
A00033849-ses-DS2,7.592677,147.562,328,0.0721871,0.0658688
A00033903-ses-DS2,7.665376,238.945,455,0.100954,0.0532994
A00033963-ses-DS2,7.399308,184.508,362,0.166833,0.184086
A00033998-ses-DS2,7.296709,207.133,413,0.0679667,0.0884816
A00034073-ses-DS2,7.776780,160.203,473,0.0935248,0.107472
A00034074-ses-DS2,7.801652,139.883,560,0.0910285,0.122652
A00034093-ses-DS2,7.959761,188.641,589,0.0349357,0.0606885
A00034193-ses-DS2,7.371037,182.969,485,0.0997352,0.118169
A00034350-ses-CLG4,7.548118,218.703,606,0.17725,0.21919
A00034350-ses-CLG4R,7.551890,240.227,490,0.188859,0.217785
A00034350-ses-DS2,7.713245,227.812,766,0.182011,0.177787
A00034385-ses-DS2,7.605366,240.531,760,0.168189,0.182258
A00034400-ses-DS2,7.654933,171.047,310,0.0685066,0.0826555
A00034827-ses-DS2,7.850644,161.391,379,0.0883065,0.108676
A00034854-ses-DS2,7.574647,195.055,452,0.0905103,0.0884492
A00034987-ses-DS2,8.006970,143.789,393,0.0884634,0.0904072
A00035036-ses-DS2,7.663728,160.672,430,0.226159,0.0912683
A00035054-ses-DS2,7.832019,172.188,344,0.123783,0.171144
A00035072-ses-DS2,7.661542,185.578,319,0.0687476,0.0853811
A00035291-ses-CLG4,8.214621,198.328,519,0.0795367,0.115578
A00035291-ses-DS2,7.438166,238.359,1015,0.204174,0.172238
A00035292-ses-CLG4,8.166848,227.742,514,0.167686,0.204694
A00035292-ses-CLG4R,8.164473,233.656,1651,0.0725766,0.094778
A00035292-ses-CLG5,8.281812,462.344,1258,0.103195,0.169494
A00035292-ses-DS2,7.726474,223.484,486,0.120481,0.156286
A00035337-ses-DS2,6.907299,166.008,384,0.0936254,0.116401
A00035364-ses-CLG4,7.505005,227.758,602,0.111246,0.174812
A00035364-ses-DS2,6.848858,337.797,1934,0.207233,0.180875
A00035377-ses-CLG4,7.958985,174.203,305,0.0951829,0.134913
A00035377-ses-CLG4R,8.057029,220.75,511,0.0757227,0.0943665
A00035377-ses-CLG5,8.098484,221.156,490,0.123777,0.145515
A00035377-ses-DS2,7.731904,191.289,1228,0.104098,0.11174
A00035378-ses-DS2,8.062951,131.539,286,0.0476781,0.0417529
A00035437-ses-DS2,6.950497,170.922,351,0.0851566,0.0451463
A00035440-ses-DS2,8.375248,262.852,547,0.0466177,0.0519497
A00035504-ses-DS2,7.737699,164.656,467,0.0501364,0.0654968
A00035535-ses-DS2,8.013451,174.719,457,0.124381,0.0923499
A00035553-ses-DS2,7.738581,169.172,344,0.109859,0.13259
A00035561-ses-CLG4,8.009663,219.641,1839,0.192286,0.267314
A00035561-ses-CLG4R,7.354328,311.953,1250,0.259861,0.339462
A00035561-ses-CLG5,7.894906,194.672,503,0.11265,0.149913
A00035561-ses-DS2,7.558908,165.914,552,0.17208,0.17977
A00035562-ses-DS2,7.338081,284.578,1176,0.165655,0.147333
A00035606-ses-DS2,7.880145,155.789,420,0.0605274,0.0672702
A00035608-ses-DS2,8.134342,219.812,376,0.0515114,0.060665
A00035625-ses-DS2,7.776911,185.242,418,0.085306,0.110913
A00035633-ses-DS2,7.522004,270.82,721,0.103647,0.141328
A00035699-ses-DS2,7.829368,156.648,297,0.0687252,0.0997839
A00035744-ses-DS2,8.045880,692.797,4754,0.120744,0.120204
A00035765-ses-DS2,7.442323,149.117,561,0.0639321,0.0865973
A00035798-ses-DS2,7.518773,144.844,464,0.0873042,0.0909292
A00035827-ses-DS2,7.530908,175.68,389,0.101268,0.157658
A00035840-ses-DS2,7.814000,137.375,285,0.0756898,0.0845073
A00035879-ses-DS2,7.612709,170.852,433,0.0799938,0.1147
A00035881-ses-DS2,7.423263,173.531,539,0.121933,0.130148
A00035926-ses-DS2,7.415489,186.648,655,0.0665405,0.0651267
A00035940-ses-CLG4,7.747013,215.523,394,0.132978,0.120394
A00035940-ses-CLG4R,8.049159,259.273,578,0.116513,0.0802208
A00035940-ses-DS2,7.772401,225.07,1408,0.0819073,0.110294
A00035941-ses-DS2,7.525597,193.227,576,0.185411,0.21024
A00035943-ses-DS2,7.759408,192.078,587,0.0649698,0.0876879
A00035945-ses-CLG4,7.896824,257.352,3656,0.114915,0.149347
A00035945-ses-CLG4R,8.142412,228.68,1025,0.0998932,0.112512
A00035945-ses-DS2,7.347127,155.594,394,0.152261,0.223019
A00035951-ses-DS2,7.485351,153.5,324,0.0835329,0.0836337
A00035960-ses-DS2,7.846772,205.109,471,0.0754856,0.0681279
A00037110-ses-DS2,7.483740,155.062,275,0.0792533,0.0831485
A00037111-ses-DS2,7.519847,211.367,444,0.0922385,0.0665828
A00037112-ses-DS2,7.580335,164.5,435,0.0770798,0.0930943
A00037266-ses-DS2,7.956051,185.852,454,0.0578075,0.0619406
A00037267-ses-DS2,7.678182,157.828,431,0.0814153,0.0677805
A00037368-ses-DS2,7.720358,180.5,382,0.113058,0.157308
A00037377-ses-DS2,7.790531,135.258,387,0.085508,0.0733498
A00037378-ses-DS2,8.113627,213.328,418,0.0569995,0.0876065
A00037386-ses-DS2,7.834213,248.195,673,0.0895619,0.123358
A00037387-ses-DS2,8.004251,253.82,713,0.0529159,0.0690575
A00037396-ses-DS2,7.386365,150.039,297,0.0718965,0.0813912
A00037421-ses-DS2,7.181960,563.805,1238,0.234686,0.312198
A00037439-ses-DS2,7.874191,169.766,382,0.0739203,0.117227
A00037445-ses-DS2,7.044412,175.852,441,0.0725335,0.11935
A00037458-ses-DS2,7.704284,166.711,416,0.104173,0.165417
A00037459-ses-DS2,8.031893,145.391,265,0.0943578,0.115866
A00037476-ses-DS2,7.516562,203.102,851,0.199262,0.126392
A00037483-ses-DS2,7.470856,187.836,1253,0.126726,0.16904
A00037492-ses-DS2,7.884464,165.242,522,0.108899,0.128972
A00037510-ses-DS2,7.769683,207.797,608,0.0495183,0.0617162
A00037511-ses-DS2,7.770971,183.148,362,0.105943,0.115696
A00037522-ses-DS2,7.797232,190.742,365,0.10523,0.0985649
A00037531-ses-DS2,7.763136,151.734,326,0.0992614,0.119551
A00037545-ses-DS2,8.100319,232.445,673,0.0513939,0.0586926
A00037582-ses-DS2,7.979627,189.859,358,0.0680736,0.0982537
A00037588-ses-DS2,8.012654,199.203,491,0.0913421,0.145322
A00037635-ses-DS2,7.838339,179.609,571,0.0898008,0.0764
A00037646-ses-DS2,7.685368,137.852,251,0.065715,0.0626896
A00037647-ses-DS2,8.067027,154.133,401,0.0915677,0.114986
A00037725-ses-DS2,7.701435,187.18,730,0.152761,0.104264
A00037726-ses-DS2,7.737921,158.039,487,0.0849026,0.0680555
A00037767-ses-DS2,7.711808,164.57,466,0.068761,0.0892428
A00037768-ses-DS2,7.412560,143.781,465,0.0968495,0.122456
A00037783-ses-DS2,7.971026,200.398,500,0.10879,0.080106
A00037784-ses-DS2,8.007257,167.922,537,0.0948704,0.118823
A00037817-ses-DS2,7.966735,142.625,406,0.0661925,0.0933173
A00037818-ses-DS2,7.181035,393.695,798,0.0639926,0.0599626
A00037831-ses-DS2,8.020903,163.094,548,0.0789106,0.0780418
A00037877-ses-DS2,8.005480,162.664,304,0.119909,0.137867
A00038115-ses-DS2,7.755239,216.586,779,0.0639109,0.0584124
A00038158-ses-DS2,8.263394,146.336,503,0.0817945,0.0659825
A00038159-ses-DS2,7.831752,156.047,346,0.0581678,0.0847147
A00038189-ses-DS2,7.573363,179.844,363,0.088029,0.120826
A00038285-ses-DS2,7.795070,215.406,428,0.0718284,0.091723
A00038411-ses-DS2,7.488079,163.773,306,0.0402627,0.0570362
A00038414-ses-DS2,7.739655,160.484,464,0.0534983,0.0510509
A00038424-ses-DS2,7.502640,151.148,411,0.0586234,0.0618689
A00038519-ses-DS2,7.617984,191.188,850,0.0972224,0.090739
A00038520-ses-DS2,7.663092,159.602,300,0.0809734,0.0703738
A00038522-ses-DS2,7.606310,163.453,525,0.134357,0.109788
A00038605-ses-DS2,7.777158,133.312,286,0.0792426,0.073832
A00038616-ses-DS2,7.813206,189.094,381,0.0812049,0.110711
A00038623-ses-DS2,7.623469,143,417,0.130348,0.213958
A00038642-ses-DS2,7.575205,175.68,421,0.0540151,0.0904326
A00038706-ses-DS2,7.769172,193.68,672,0.261215,0.132421
A00038718-ses-DS2,7.876456,143.492,289,0.0703068,0.0760835
A00038731-ses-DS2,7.914967,169.352,310,0.090483,0.116838
A00038805-ses-DS2,7.528408,205.828,340,0.115531,0.0701953
A00038806-ses-DS2,7.691030,167.078,427,0.126027,0.159658
A00038817-ses-DS2,7.869115,133.188,310,0.122942,0.110375
A00038831-ses-DS2,7.624570,128.805,288,0.079078,0.117113
A00038832-ses-DS2,8.215983,167.742,353,0.121964,0.0810133
A00038957-ses-DS2,7.352063,149.461,349,0.0920158,0.0927278
A00038959-ses-DS2,7.896137,179.109,508,0.0671004,0.0768621
A00038998-ses-DS2,7.409522,202.055,501,0.0611515,0.0994033
A00039040-ses-DS2,7.219523,196.477,390,0.174406,0.163983
A00039041-ses-DS2,7.757701,275.805,610,0.05146,0.0729857
A00039074-ses-DS2,8.061468,125.391,224,0.08751,0.113695
A00039075-ses-DS2,7.371436,180.602,307,0.0916542,0.107209
A00039083-ses-DS2,7.695749,204.719,460,0.127411,0.157653
A00039118-ses-DS2,7.881950,291.586,968,0.0553842,0.0409614
A00039143-ses-DS2,7.865850,170.328,455,0.0941196,0.130392
A00039159-ses-DS2,7.951304,176.781,553,0.0742723,0.083987
A00039168-ses-DS2,7.124551,228.547,423,0.094953,0.147562
A00039218-ses-DS2,7.921792,128.305,286,0.197515,0.12648
A00039249-ses-DS2,7.770143,180.609,365,0.0769055,0.0878895
A00039257-ses-DS2,7.461889,152.891,429,0.0528954,0.0617601
A00039276-ses-DS2,7.425642,143.625,240,0.083956,0.0869067
A00039331-ses-DS2,7.689569,158.805,367,0.067051,0.0758025
A00039353-ses-DS2,7.727351,203.883,450,0.0923295,0.0996812
A00039391-ses-DS2,7.350278,203.008,656,0.089997,0.115915
A00039393-ses-DS2,7.486661,155.766,313,0.0830332,0.111204
A00039431-ses-DS2,7.475894,183.711,361,0.11093,0.165455
A00039432-ses-DS2,7.364529,202.758,380,0.0584345,0.0836992
A00039461-ses-DS2,7.297707,203.117,511,0.0817728,0.0922548
A00039463-ses-DS2,8.063037,228.773,893,0.420417,0.200517
A00039488-ses-DS2,7.401638,198.328,2473,0.180954,0.173089
A00039490-ses-DS2,6.957186,226.102,582,0.107686,0.136031
A00039500-ses-DS2,7.738200,154.383,280,0.12842,0.107098
A00039559-ses-DS2,7.556867,229.797,552,0.0598403,0.056698
A00039560-ses-DS2,7.109643,184.641,691,0.0868734,0.0982912
A00039593-ses-DS2,7.435782,190.047,567,0.0542822,0.0896794
A00039607-ses-DS2,6.795305,183.211,477,0.191355,0.308236
A00039635-ses-DS2,7.474739,269.828,662,0.0676014,0.0599974
A00039636-ses-DS2,7.798203,148.891,298,0.126545,0.132789
A00039639-ses-DS2,7.483702,199.336,431,0.0653412,0.0822802
A00039640-ses-DS2,7.639441,392.992,1093,0.103967,0.110231
A00039655-ses-DS2,7.549102,212.086,372,0.0476064,0.0619392
A00039657-ses-DS2,8.015884,200.742,457,0.0851976,0.110575
A00039669-ses-DS2,7.547144,161.109,415,0.0665338,0.0896618
A00039685-ses-DS2,7.449061,174.32,592,0.104736,0.129373
A00039686-ses-DS2,6.938893,203.602,669,0.0962791,0.156162
A00039699-ses-DS2,7.584538,172.602,390,0.0460952,0.0578183
A00039700-ses-DS2,7.501399,226.094,831,0.129545,0.145748
A00039755-ses-DS2,7.339997,111.547,263,0.081348,0.0641331
A00039758-ses-DS2,7.636596,201.719,516,0.0898772,0.0672727
A00039783-ses-DS2,7.703471,186.297,403,0.0511888,0.0602088
A00039819-ses-DS2,7.666258,352.805,732,0.0966516,0.113077
A00039820-ses-DS2,8.117160,168.609,737,0.067791,0.0865027
A00039845-ses-DS2,7.220969,246.203,551,0.136064,0.174949
A00039846-ses-DS2,7.957347,153.68,415,0.0569191,0.0609954
A00039866-ses-DS2,7.992889,127.078,295,0.126361,0.126452
A00039895-ses-DS2,7.855112,192.75,487,0.0878103,0.138189
A00039916-ses-DS2,7.967480,255.156,1138,0.0744413,0.0933872
A00039923-ses-DS2,7.885631,210.898,714,0.077773,0.0651339
A00039943-ses-CLG4,7.262590,269.695,1331,0.0857795,0.0946882
A00039943-ses-CLG4R,7.564483,230.43,909,0.133452,0.103586
A00039943-ses-CLG5,7.537972,244.781,586,0.134226,0.212838
A00039951-ses-DS2,7.537951,214.617,497,0.0895674,0.0810523
A00039952-ses-DS2,7.204242,178.359,311,0.0541728,0.0792543
A00039966-ses-DS2,7.596309,152.961,397,0.0479112,0.0683338
A00039974-ses-DS2,7.148926,153.484,579,0.0907826,0.0987072
A00040116-ses-DS2,7.475943,143.367,410,0.0912545,0.0994938
A00040117-ses-CLG4,7.778135,221.789,556,0.107468,0.12355
A00040117-ses-CLG4R,7.307098,501.289,3052,0.202869,0.364999
A00040117-ses-CLG5,7.506681,246.727,707,0.123922,0.163383
A00040151-ses-DS2,7.982217,135.883,364,0.0484198,0.0674551
A00040152-ses-DS2,7.297946,306.359,661,0.0560171,0.0834236
A00040174-ses-DS2,7.772757,187.008,948,0.0721892,0.0739753
A00040182-ses-DS2,7.082325,181.438,399,0.0920627,0.100396
A00040248-ses-DS2,7.455546,265.602,1165,0.184897,0.262413
A00040257-ses-DS2,7.638319,259.141,983,0.14567,0.243695
A00040285-ses-DS2,7.769381,260.633,519,0.0686464,0.104544
A00040286-ses-DS2,7.809681,188.367,397,0.129378,0.0716838
A00040301-ses-DS2,7.523552,204.891,441,0.0650321,0.103199
A00040311-ses-DS2,7.912126,217.797,523,0.125129,0.10935
A00040312-ses-DS2,7.621246,205.797,509,0.0633635,0.0914751
A00040324-ses-DS2,7.362560,166.414,317,0.0730897,0.0961578
A00040342-ses-DS2,6.809421,377.828,1473,0.172041,0.170565
A00040351-ses-DS2,7.959879,212.195,588,0.0643699,0.0483322
A00040382-ses-DS2,7.677142,229.094,781,0.149928,0.0734042
A00040383-ses-DS2,8.074718,163.945,466,0.072249,0.0755268
A00040439-ses-DS2,7.283162,184.828,372,0.111965,0.118383
A00040461-ses-DS2,7.636199,167.148,314,0.108577,0.14241
A00040462-ses-DS2,7.960242,138.422,375,0.0821081,0.109162
A00040493-ses-DS2,7.608945,195.359,546,0.0735671,0.102356
A00040494-ses-DS2,7.661484,194.773,367,0.156874,0.128744
A00040500-ses-DS2,7.402285,179.969,584,0.198837,0.140267
A00040517-ses-DS2,7.676249,267.352,848,0.0825089,0.0754083
A00040524-ses-DS2,7.648195,237.242,551,0.0775735,0.102616
A00040525-ses-DS2,7.301989,189.453,463,0.107938,0.0980443
A00040556-ses-CLG2R,7.868783,172.57,450,0.14846,0.227819
A00040556-ses-CLG4,7.429281,271.852,697,0.256472,0.325029
A00040556-ses-DS2,7.807485,270.07,1458,0.179246,0.163674
A00040567-ses-DS2,7.643657,209.117,629,0.08975,0.0760802
A00040573-ses-DS2,7.584133,330.5,844,0.103091,0.113193
A00040580-ses-DS2,7.952610,184.883,538,0.21015,0.145049
A00040594-ses-DS2,7.630719,289.609,593,0.0608728,0.0794575
A00040599-ses-DS2,7.581422,254.516,972,0.13026,0.095821
A00040623-ses-DS2,7.392969,142.57,372,0.131839,0.152003
A00040628-ses-DS2,8.305573,214.359,529,0.12827,0.179546
A00040629-ses-DS2,7.779618,191.383,412,0.0873166,0.0608226
A00040678-ses-DS2,7.715362,156.789,489,0.0548277,0.0603745
A00040740-ses-DS2,7.481778,852.555,5201,0.0986527,0.125603
A00040741-ses-DS2,7.506638,266.781,530,0.173648,0.13941
A00040757-ses-DS2,7.566027,155.523,350,0.176179,0.0920967
A00040784-ses-DS2,7.331966,170.688,473,0.10497,0.0947732
A00040798-ses-CLG2,7.099064,330.953,6796,0.220769,0.24587
A00040798-ses-CLG4,8.045093,205.281,429,0.136034,0.205811
A00040800-ses-CLG2,7.626008,195.719,458,0.163468,0.138065
A00040800-ses-CLG2R,7.536226,237.516,487,0.179789,0.234115
A00040800-ses-CLG4,7.826143,198.742,337,0.132582,0.10159
A00040806-ses-DS2,7.226987,276.625,799,0.162036,0.236106
A00040815-ses-CLG2,7.490251,206.984,602,0.127099,0.178356
A00040815-ses-CLG4,7.473828,424.727,5693,0.197591,0.266231
A00040827-ses-DS2,7.781386,187.32,357,0.0758011,0.120306
A00040891-ses-DS2,7.356436,155.328,355,0.09382,0.165685
A00040915-ses-DS2,7.638083,204.648,450,0.062874,0.0978211
A00040944-ses-DS2,7.523946,274.375,1960,0.238901,0.255001
A00041503-ses-DS2,7.483156,199.156,480,0.183017,0.176005
A00041540-ses-DS2,7.453991,208.555,638,0.108997,0.118796
A00043240-ses-CLG2R,8.516239,278.695,831,0.115969,0.111406
A00043240-ses-DS2,8.095739,207.516,771,0.100719,0.121157
A00043282-ses-DS2,7.939928,190.312,420,0.165309,0.178708
A00043283-ses-DS2,7.609480,297.789,750,0.0954392,0.122123
A00043299-ses-DS2,7.495543,199.008,404,0.0743897,0.096
A00043325-ses-DS2,6.350381,411.062,1080,0.197695,0.203966
A00043384-ses-DS2,7.790392,177.039,595,0.118646,0.160567
A00043417-ses-DS2,7.385565,332.039,829,0.129714,0.174351
A00043450-ses-DS2,8.000816,260.922,565,0.105506,0.123141
A00043462-ses-DS2,7.985271,205.086,631,0.109021,0.11562
A00043466-ses-DS2,8.051843,204.773,663,0.112764,0.116428
A00043494-ses-DS2,7.923972,187.445,639,0.151838,0.155536
A00043509-ses-DS2,8.050011,243.68,700,0.0537081,0.0500472
A00043520-ses-DS2,8.324325,183.109,597,0.0626539,0.0858986
A00043521-ses-DS2,8.157697,288.961,583,0.191627,0.0894559
A00043617-ses-DS2,7.782993,200.258,561,0.136843,0.202464
A00043634-ses-DS2,7.829048,230.625,452,0.0804043,0.102866
A00043635-ses-DS2,7.927384,212.742,458,0.0894152,0.089813
A00043649-ses-DS2,8.106203,176.898,1057,0.0620719,0.0866916
A00043677-ses-DS2,8.121316,202.875,750,0.0680044,0.073796
A00043722-ses-DS2,7.892311,232.906,601,0.0901123,0.114453
A00043739-ses-DS2,7.850090,205.609,475,0.0763796,0.0919779
A00043740-ses-CLG2,7.455900,452.156,4328,0.262015,0.262396
A00043740-ses-CLG2R,8.097059,295.273,2963,0.603865,0.302141
A00043740-ses-CLG4,7.809102,227.539,439,0.139501,0.170863
A00043758-ses-DS2,7.945063,324.477,816,0.0663434,0.0834553
A00043762-ses-DS2,7.652293,224.867,640,0.0472303,0.0552292
A00043788-ses-CLG2,7.627813,227.125,656,0.305284,0.315719
A00043788-ses-CLG4,7.711911,222.641,440,0.0978554,0.115074
A00043790-ses-DS2,7.920050,166.461,801,0.0758559,0.0871119
A00044011-ses-DS2,7.380397,189.281,651,0.262209,0.190482
A00044012-ses-DS2,8.041236,245.055,530,0.0949661,0.147627
A00044068-ses-DS2,7.480412,191.453,944,0.0587837,0.0910902
A00044084-ses-CLG4,8.135117,256.742,668,0.0594186,0.0879854
A00044084-ses-DS2,8.118816,344.266,975,0.114322,0.0831766
A00044130-ses-DS2,8.246816,239.234,741,0.0576249,0.0809076
A00044131-ses-DS2,7.899476,280.43,725,0.0613402,0.0797639
A00044154-ses-DS2,7.734217,236.562,722,0.204278,0.1155
A00044171-ses-DS2,8.468073,173.234,474,0.10492,0.1412
A00044291-ses-DS2,8.320041,198.938,889,0.0565877,0.0583514
A00044307-ses-DS2,7.522180,174.102,819,0.125566,0.157277
A00044344-ses-DS2,7.355151,186.711,666,0.152531,0.102486
A00044345-ses-DS2,7.939187,200.883,672,0.0665794,0.0748637
A00044369-ses-DS2,7.223371,223.844,847,0.159932,0.186378
A00044370-ses-DS2,8.033796,207.016,1007,0.1145,0.15128
A00044405-ses-DS2,7.969058,150.984,630,0.089913,0.0914857
A00044408-ses-DS2,7.407083,324.094,898,0.0856438,0.0872752
A00044410-ses-DS2,7.675703,250.781,708,0.0868095,0.107051
A00044427-ses-DS2,7.809900,164.664,626,0.0664333,0.100459
A00045554-ses-DS2,7.494269,245.891,659,0.0949262,0.110219
A00045589-ses-DS2,7.212210,381.539,734,0.0689373,0.105342
A00050679-ses-DS2,7.618803,362.945,1669,0.124074,0.200766
A00050720-ses-DS2,7.683873,198.633,520,0.159845,0.150093
A00050721-ses-DS2,7.289113,722.836,3415,0.0792482,0.0880218
A00050742-ses-DS2,7.997827,319.875,861,0.0600108,0.0710227
A00050743-ses-CLG2,8.396158,151.727,523,0.0798671,0.0983155
A00050795-ses-DS2,8.167888,198.055,735,0.13211,0.130179
A00050848-ses-CLG2,8.076025,158.922,384,0.076543,0.0863948
A00050848-ses-CLG2R,8.174758,318.617,911,0.0866914,0.0962506
A00050848-ses-CLG4,8.386583,311.367,745,0.139512,0.113165
A00050977-ses-DS2,7.676963,206.539,696,0.0748799,0.0824308
A00051063-ses-DS2,8.153814,250.336,610,0.0851459,0.101817
A00051064-ses-DS2,7.930799,194.078,422,0.100875,0.0962832
A00051456-ses-DS2,7.508017,203.578,606,0.0745219,0.0593387
A00051457-ses-DS2,7.506952,422.945,1033,0.0776587,0.058382
A00051477-ses-DS2,8.055795,209.852,566,0.103368,0.123138
A00051513-ses-DS2,7.929962,296.844,1196,0.0562848,0.0654992
A00051514-ses-DS2,7.998326,196.203,552,0.126683,0.142422
A00051517-ses-DS2,7.514694,359.008,1104,0.115839,0.0991948
A00051528-ses-DS2,7.641773,245.258,603,0.0575477,0.0690934
A00051529-ses-DS2,8.286889,179.422,825,0.102533,0.109235
A00051539-ses-DS2,8.333293,196.023,782,0.0767238,0.0759092
A00051604-ses-DS2,7.477856,267.492,457,0.0474828,0.0736856
A00051638-ses-DS2,8.295882,193.586,514,0.112842,0.152641
A00051658-ses-DS2,7.567223,432.477,1245,0.113439,0.153156
A00051676-ses-DS2,7.918339,245.43,901,0.102677,0.0617272
A00051678-ses-DS2,7.579310,183.398,558,0.129462,0.0986958
A00051679-ses-DS2,8.022053,210.07,788,0.0992007,0.113492
A00051690-ses-DS2,7.540636,251.172,405,0.248698,0.110805
A00051691-ses-CLG2R,7.654216,264.992,614,0.151551,0.177251
A00051691-ses-CLG4,8.250780,174.258,321,0.13174,0.138827
A00051726-ses-DS2,8.017457,187.258,568,0.105116,0.0668324
A00051727-ses-CLG2,7.492001,247.711,853,0.374965,0.397277
A00051727-ses-CLG2R,8.275314,170.461,581,0.118856,0.155849
A00051774-ses-DS2,7.817393,177.344,684,0.0590234,0.0781902
A00051796-ses-DS2,6.976347,369.898,2191,0.12699,0.145795
A00051835-ses-DS2,7.699862,155.727,467,0.103356,0.11923
A00051882-ses-DS2,8.145025,209.352,872,0.0826634,0.0842272
A00051925-ses-DS2,8.341971,163.266,589,0.161146,0.188709
A00051927-ses-DS2,8.042338,190.93,627,0.10283,0.133335
A00052069-ses-CLG2,7.965160,189.531,491,0.103036,0.128343
A00052069-ses-CLG2R,8.068281,183.828,585,0.103179,0.0787719
A00052069-ses-CLG4,7.753173,232.562,799,0.150939,0.188876
A00052070-ses-DS2,8.069003,394.773,1811,0.103021,0.0766782
A00052117-ses-DS2,7.972274,231.852,533,0.101142,0.118503
A00052118-ses-DS2,7.510140,226.945,1239,0.145263,0.203646
A00052126-ses-DS2,7.987872,285.492,847,0.0762197,0.0860814
A00052180-ses-DS2,7.850136,208.156,443,0.130131,0.131137
A00052183-ses-CLG2,8.188500,254.234,588,0.0873583,0.123353
A00052183-ses-CLG2R,7.787728,290.938,717,0.119834,0.10041
A00052183-ses-CLG4,7.741877,214.281,472,0.105962,0.125521
A00052197-ses-DS2,8.170774,252.859,900,0.101249,0.102021
A00052214-ses-DS2,7.416232,196.258,480,0.0711315,0.0836827
A00052234-ses-DS2,7.728387,283.125,631,0.0981693,0.107199
A00052237-ses-CLG4,7.691877,242.578,723,0.130864,0.126338
A00052307-ses-DS2,8.204193,216.781,522,0.136001,0.239821
A00052319-ses-DS2,8.117389,194.523,387,0.201563,0.0884474
A00052461-ses-CLG2,7.297178,682.656,10763,0.243725,0.216956
A00052461-ses-CLG2R,7.596968,375.242,1639,0.131014,0.178997
A00052461-ses-CLG4,8.267540,244.773,480,0.0957837,0.110311
A00052499-ses-DS2,7.864130,279.445,944,0.0880158,0.103337
A00052502-ses-DS2,8.013072,214.18,773,0.1393,0.102245
A00052577-ses-DS2,7.844255,215.461,655,0.055654,0.0774593
A00052612-ses-DS2,7.700873,190.492,496,0.139238,0.118244
A00052639-ses-DS2,8.135546,168.734,766,0.0864609,0.109235
A00053171-ses-CLG4,8.120007,244.547,483,0.149468,0.178623
A00053202-ses-DS2,7.911554,197.594,373,0.0781743,0.115926
A00053203-ses-CLG2,7.889174,219.492,448,0.12142,0.12083
A00053203-ses-CLG4,8.071438,223.609,585,0.111064,0.12868
A00053320-ses-CLG2R,8.146520,274.656,922,0.139813,0.214024
A00053320-ses-CLG4,8.178247,254.406,849,0.156977,0.228254
A00053320-ses-DS2,8.235322,275.445,804,0.130583,0.150983
A00053369-ses-DS2,7.195547,272.453,1043,0.124724,0.103328
A00053390-ses-CLG2,7.693005,207.344,549,0.145883,0.155001
A00053390-ses-CLG2R,7.924710,256.117,644,0.122731,0.136949
A00053456-ses-DS2,7.287378,181.773,411,0.0853158,0.10821
A00053474-ses-DS2,7.987363,177.984,484,0.0853953,0.113641
A00053490-ses-CLG2,7.828964,247.547,719,0.157308,0.232781
A00053490-ses-CLG2R,7.828002,225.344,749,0.156024,0.178939
A00053546-ses-DS2,8.012046,229.32,523,0.0707466,0.101222
A00053576-ses-DS2,7.994490,177.633,355,0.110439,0.154942
A00053577-ses-DS2,7.579896,254.586,714,0.106119,0.0730206
A00053578-ses-DS2,7.890011,321.523,1061,0.143474,0.0839088
A00053625-ses-DS2,7.417422,144.266,316,0.0586987,0.0544732
A00053626-ses-DS2,7.421391,223.461,387,0.108338,0.0862803
A00053627-ses-DS2,7.954254,225.141,523,0.0668735,0.101089
A00053744-ses-CLG2,7.913177,222.375,761,0.0682858,0.0904882
A00053744-ses-CLG2R,8.323077,237.82,500,0.0923696,0.0917994
A00053873-ses-CLG2,7.910056,231.914,642,0.185843,0.195104
A00053873-ses-CLG2R,8.135984,305.172,945,0.150361,0.186316
A00053873-ses-CLG4,8.348278,206.156,457,0.148203,0.157877
A00053874-ses-DS2,7.714022,205.203,663,0.119477,0.147406
A00053901-ses-DS2,7.534720,145.922,293,0.0925643,0.119919
A00053927-ses-DS2,7.818023,205.883,671,0.110506,0.107804
A00053949-ses-DS2,7.941261,441.883,1809,0.0618191,0.070017
A00054038-ses-DS2,7.196876,262.609,649,0.171298,0.0867117
A00054153-ses-DS2,7.709340,292.93,632,0.0819255,0.101056
A00054173-ses-DS2,7.664802,264.312,740,0.121115,0.154501
A00054206-ses-CLG2,7.639811,319.555,1210,0.14377,0.162524
A00054206-ses-CLG2R,7.783950,291.516,683,0.158756,0.149347
A00054206-ses-CLG4,7.954276,225.391,573,0.0990824,0.156613
A00054358-ses-DS2,7.747686,216.945,547,0.0775681,0.104955
A00054482-ses-DS2,7.264412,267.43,819,0.173148,0.169004
A00054532-ses-DS2,7.875237,191.859,372,0.0772097,0.113115
A00054533-ses-DS2,8.202845,173.242,570,0.0913432,0.113874
A00054534-ses-DS2,7.849852,211.188,590,0.0694318,0.07054
A00054578-ses-CLG2,7.866879,247.461,1196,0.0972686,0.135128
A00054578-ses-CLG2R,7.123617,484.273,1505,0.243672,0.347966
A00054581-ses-CLG2,7.936859,271.688,675,0.160127,0.225449
A00054581-ses-CLG2R,7.559781,372.109,2502,0.175807,0.100974
A00054621-ses-DS2,7.601921,394.938,932,0.0867455,0.0845487
A00054895-ses-DS2,7.760688,250.953,782,0.166523,0.063848
A00054913-ses-DS2,7.188299,369.195,962,0.175413,0.105506
A00054929-ses-DS2,7.234118,189.227,628,0.113517,0.123448
A00055061-ses-DS2,8.138769,300.141,661,0.131939,0.203499
A00055076-ses-CLG2,7.964393,157.273,333,0.16224,0.227766
A00055076-ses-CLG2R,8.120465,151.367,403,0.117551,0.156136
A00055076-ses-CLG4,8.511780,194.297,451,0.103502,0.133095
A00055116-ses-DS2,7.616369,166.375,370,0.105507,0.1444
A00055122-ses-CLG2,7.664184,213.609,1048,0.178163,0.228895
A00055122-ses-CLG2R,8.023450,204.992,457,0.105737,0.134132
A00055122-ses-CLG4,8.262849,433.969,1269,0.0923567,0.115598
A00055215-ses-DS2,7.905501,209.227,635,0.120087,0.201721
A00055267-ses-CLG2,7.557527,236.18,1211,0.12518,0.146961
A00055267-ses-CLG4,7.689881,221.461,763,0.192744,0.219566
A00055332-ses-DS2,8.172523,225.445,522,0.0991654,0.0999007
A00055352-ses-DS2,8.078969,156.445,318,0.0797743,0.129514
A00055353-ses-DS2,7.498100,176.484,824,0.0539335,0.0701832
A00055462-ses-CLG2,7.753704,246.273,610,0.098957,0.115777
A00055462-ses-CLG2R,7.779586,267.078,1252,0.119307,0.145555
A00055542-ses-DS2,7.970134,213.555,405,0.0789182,0.123736
A00055612-ses-CLG2R,7.730051,232.242,647,0.160528,0.2003
A00055612-ses-CLG4,7.259940,372.375,1565,0.146966,0.214973
A00055612-ses-DS2,7.678937,237.039,516,0.0930276,0.129883
A00055624-ses-CLG4,8.026563,221.516,995,0.103493,0.135546
A00055693-ses-CLG2R,8.094303,181.305,552,0.103346,0.134751
A00055727-ses-DS2,7.429472,274.305,1194,0.20708,0.318248
A00055728-ses-CLG2,7.604159,190.352,1370,0.133763,0.158001
A00055738-ses-DS2,7.500980,158.797,479,0.16139,0.181647
A00055763-ses-DS2,7.475072,275.023,498,0.0727936,0.0920166
A00055806-ses-DS2,8.126238,197.062,440,0.0623402,0.0965987
A00055866-ses-CLG2R,8.154757,205.398,738,0.179791,0.192087
A00055866-ses-DS2,8.016293,201.422,383,0.196639,0.303234
A00055867-ses-CLG2,8.069458,236.203,688,0.151755,0.252511
A00055867-ses-CLG2R,7.995550,217.141,581,0.127864,0.145489
A00055903-ses-CLG2,8.035024,203.25,676,0.119498,0.160832
A00055903-ses-CLG2R,8.222588,248.359,971,0.11487,0.13142
A00055906-ses-DS2,7.709494,244.977,619,0.109626,0.0812599
A00055908-ses-CLG2,7.633405,270.18,1006,0.102702,0.174303
A00055920-ses-CLG2,7.812910,150.523,601,0.105233,0.167019
A00055962-ses-DS2,7.712513,133.031,407,0.0740291,0.0927203
A00055991-ses-CLG2,7.855047,169.211,557,0.165227,0.15928
A00055991-ses-CLG2R,8.039222,183.273,687,0.121001,0.120343
A00056022-ses-CLG2R,7.504167,258.469,3677,0.160889,0.189785
A00056022-ses-DS2,7.567903,248.977,672,0.125496,0.183594
A00056097-ses-DS2,7.700475,302.055,543,0.0951072,0.136405
A00056138-ses-CLG2,7.827861,170.164,345,0.0845809,0.138136
A00056138-ses-CLG2R,8.004571,168.477,312,0.175033,0.164077
A00056138-ses-CLG4,7.878818,230.039,477,0.0937196,0.119018
A00056198-ses-CLG2,7.796696,268.75,814,0.262673,0.292329
A00056198-ses-CLG2R,5.988698,714.625,2780,0.515287,0.603874
A00056295-ses-CLG2,7.695308,197.156,1820,0.629017,0.589132
A00056295-ses-CLG2R,7.915027,204.547,754,0.115468,0.131814
A00056306-ses-DS2,7.469093,218.102,801,0.155967,0.164689
A00056307-ses-CLG2R,7.945281,227.023,523,0.125082,0.196682
A00056307-ses-CLG4,8.092883,213.805,424,0.180679,0.211195
A00056307-ses-DS2,8.162164,226.516,677,0.11351,0.136757
A00056372-ses-DS2,10.518012,215.164,1183,0.0832517,0.096688
A00056419-ses-DS2,6.606659,481.883,1521,0.523978,0.838838
A00056420-ses-DS2,7.857088,244,546,0.205847,0.23832
A00056452-ses-DS2,8.089487,167.641,479,0.101838,0.154663
A00056453-ses-DS2,7.870481,223.984,370,0.0767649,0.114233
A00056470-ses-CLG2,7.707436,195.945,371,0.0960316,0.118443
A00056470-ses-CLG2R,7.596393,163.43,314,0.105494,0.08198
A00056489-ses-DS2,7.600684,280.156,613,0.092575,0.144601
A00056605-ses-CLG2,7.897667,130.039,352,0.110909,0.115873
A00056605-ses-CLG2R,7.823031,132.672,464,0.120708,0.136359
A00056628-ses-DS2,7.500591,445.047,4935,0.211342,0.195454
A00056679-ses-CLG2,8.033785,172.797,378,0.12297,0.146813
A00056679-ses-CLG2R,7.915055,176.25,438,0.127663,0.138908
A00056703-ses-DS2,8.202030,177.445,523,0.0732967,0.101327
A00056746-ses-CLG2,7.725468,274.758,2333,0.165418,0.173427
A00056746-ses-CLG2R,7.602546,304.609,2323,0.272088,0.389551
A00056919-ses-DS2,7.973789,244.992,918,0.0902681,0.110246
A00056920-ses-CLG2R,7.995654,252.352,592,0.128347,0.188384
A00056949-ses-DS2,7.574943,168.672,705,0.180367,0.214515
A00057405-ses-CLG2,7.947834,176.281,476,0.0962177,0.146129
A00057405-ses-CLG2R,8.033505,219.352,749,0.116964,0.157026
A00057445-ses-DS2,7.680818,263.797,991,0.0760442,0.137098
A00057480-ses-CLG2,7.978312,275.273,829,0.0928045,0.114415
A00057480-ses-CLG2R,8.135429,217.953,566,0.162166,0.159315
A00057480-ses-CLG4,8.026852,276.484,787,0.552116,0.277135
A00057725-ses-CLG2,7.071188,692.055,3129,0.468505,0.785633
A00057725-ses-CLG2R,8.157293,323.492,1103,0.310313,0.221837
A00057862-ses-CLG2,8.233453,202.703,697,0.169213,0.210342
A00057967-ses-DS2,7.376827,322.172,5299,0.176942,0.315662
A00058004-ses-CLG2,7.321909,298.484,2899,0.340199,0.24261
A00058053-ses-CLG2,7.982467,176.531,293,0.127711,0.122935
A00058053-ses-CLG2R,7.793681,175.477,468,0.249303,0.294982
A00058060-ses-CLG2,7.564653,226.789,1224,0.165189,0.195039
A00058060-ses-CLG2R,7.291742,412.086,1511,0.29363,0.384438
A00058061-ses-CLG2,7.797672,246.75,736,0.13063,0.164853
A00058061-ses-CLG2R,8.086659,271.875,913,0.129305,0.162889
A00058130-ses-DS2,7.241381,412.672,1433,0.123281,0.139435
A00058145-ses-DS2,7.090941,205.789,416,0.115152,0.12208
A00058215-ses-CLG2,7.656904,258.031,595,0.162515,0.202972
A00058215-ses-CLG2R,7.769461,208.797,445,0.177334,0.17716
A00058229-ses-CLG2,7.057870,326.766,5680,0.165009,0.182173
A00058229-ses-CLG2R,7.301949,413.969,5374,0.142757,0.185319
A00058318-ses-DS2,7.314444,167.586,440,0.105436,0.0962639
A00058436-ses-DS2,7.238731,248.906,809,0.158652,0.122318
A00058503-ses-ALGA,7.796540,229.828,512,0.113175,0.160876
A00058516-ses-CLG2,7.911228,139.562,441,0.133894,0.160251
A00058516-ses-CLG2R,8.123568,140.805,399,0.140348,0.160873
A00058537-ses-CLG2,8.039296,252.562,794,0.124975,0.109865
A00058570-ses-DS2,7.641768,257.25,1514,0.19758,0.147017
A00058644-ses-DS2,7.724557,265.031,578,0.11392,0.0695044
A00058685-ses-CLG2,8.568843,160.391,367,0.0731008,0.0862435
A00058951-ses-CLG2,8.365944,176.82,679,0.0971657,0.148598
A00058952-ses-ALGA,8.076386,259.195,567,0.0888093,0.123436
A00058998-ses-DS2,7.538345,268.312,916,0.181238,0.207928
A00059107-ses-DS2,7.912579,372.828,1349,0.190671,0.167361
A00059109-ses-CLG2,7.699844,289.789,1450,0.221314,0.36122
A00059325-ses-CLG2R,7.636933,206.172,751,0.133218,0.174373
A00059325-ses-DS2,7.571795,211.797,681,0.129867,0.124963
A00059327-ses-CLG2,7.997660,151.43,360,0.109187,0.110499
A00059327-ses-CLG2R,8.044509,131.133,235,0.113344,0.0958467
A00059361-ses-ALGA,7.597796,281.156,925,0.116433,0.0828558
A00059361-ses-DS2,7.989860,214.703,688,0.0590819,0.0702043
A00059427-ses-CLG2,7.975034,149.781,499,0.120364,0.097044
A00059662-ses-DSA,7.065275,332.094,1026,0.354305,0.23407
A00059663-ses-DS2,7.768928,290.141,725,0.118173,0.145704
A00059664-ses-DS2,7.720742,182.891,376,0.137307,0.0820704
A00059845-ses-DS2,7.622398,257.055,887,0.10055,0.109636
A00059865-ses-CLG2,8.092942,206.109,450,0.119833,0.158032
A00059865-ses-CLG2R,7.748903,173.062,387,0.107536,0.151911
A00059935-ses-DS2,8.113882,246.086,954,0.086849,0.120026
A00059990-ses-DSA,7.958050,218.727,603,0.076233,0.111474
A00060005-ses-DSA,7.671775,167.312,417,0.115073,0.140501
A00060099-ses-CLG2,8.279083,163.445,540,0.0997328,0.124707
A00060099-ses-CLG2R,8.120259,187.734,509,0.141103,0.131028
A00060100-ses-CLG2,8.023024,167.992,914,0.162279,0.269903
A00060170-ses-DS2,7.437847,223.969,635,0.100087,0.0989337
A00060184-ses-DS2,7.567273,268.383,554,0.0861692,0.136312
A00060185-ses-DS2,7.539245,169.211,714,0.120892,0.0699843
A00060252-ses-DS2,7.681983,260.625,533,0.0767109,0.099175
A00060264-ses-DSA,7.478786,164.18,364,0.0973958,0.11543
A00060280-ses-CLG2,8.202006,227.289,405,0.110431,0.13464
A00060280-ses-CLG2R,8.087293,247.93,510,0.0842078,0.105284
A00060301-ses-DS2,7.405614,418.203,1399,0.0692356,0.0775392
A00060306-ses-DS2,6.860039,410.148,827,0.0905841,0.102808
A00060383-ses-DSA,7.833447,230.555,646,0.0967061,0.143185
A00060384-ses-CLG2,7.319722,265.734,915,0.115368,0.1819
A00060429-ses-CLG2R,7.715502,201.023,724,0.0889256,0.101159
A00060430-ses-DS2,7.612339,527.32,1985,0.27555,0.1408
A00060431-ses-DS2,7.919416,179.008,389,0.0775672,0.0969203
A00060472-ses-CLG2,7.678426,239.203,618,0.0801309,0.104137
A00060472-ses-CLG2R,7.581218,206.023,478,0.121657,0.157895
A00060493-ses-CLG2,6.453318,402.695,1510,0.395293,0.458624
A00060503-ses-CLG2,7.686320,172.461,755,0.120584,0.107055
A00060503-ses-CLG2R,7.547827,217.883,800,0.244122,0.320837
A00060574-ses-DSA,7.042085,437.555,1401,0.211171,0.141295
A00060575-ses-DS2,7.888570,191.609,720,0.136775,0.174533
A00060602-ses-ALGA,7.041064,270.516,687,0.113054,0.17383
A00060602-ses-DS2,7.177788,476.633,936,0.0987199,0.127724
A00060603-ses-CLG2,7.945162,184.461,674,0.127563,0.228966
A00060603-ses-CLG2R,7.545327,274.695,1197,0.186024,0.258868
A00060628-ses-DSA,7.053784,444.898,3483,0.535617,0.602648
A00060630-ses-DS2,7.670318,188.133,350,0.126567,0.193357
A00060632-ses-DS2,7.730549,206.562,448,0.0908577,0.0913126
A00060662-ses-DS2,8.101382,344.328,631,0.221981,0.227064
A00060664-ses-CLG2R,8.120463,289.758,675,0.142637,0.133819
A00060664-ses-DS2,7.731886,281.195,1550,0.174058,0.282813
A00060806-ses-CLG2,7.900184,213.664,519,0.102196,0.145746
A00060806-ses-CLG2R,7.960100,320.383,849,0.201756,0.148974
A00060846-ses-CLG2R,8.125657,270.961,761,0.182262,0.165481
A00060846-ses-DS2,7.985573,165.734,320,0.101131,0.143278
A00060848-ses-DS2,7.273782,224.375,595,0.170877,0.179926
A00060923-ses-DS2,7.564453,290.953,690,0.0810703,0.16215
A00060925-ses-DS2,7.234296,197.625,593,0.108493,0.144734
A00061001-ses-DSA,8.243762,230.922,612,0.142202,0.128929
A00061021-ses-DS2,7.563684,340.18,859,0.0824695,0.118521
A00061203-ses-DSA,7.352587,219.133,791,0.123801,0.135794
A00061210-ses-DSA,8.063908,207.477,894,0.119303,0.172206
A00061263-ses-DSA,7.869622,162.703,374,0.167863,0.198969
A00061274-ses-DSA,7.614390,202.891,408,0.0765417,0.0814143
A00061275-ses-DSA,7.606650,361.039,848,0.126969,0.0818796
A00061276-ses-DSA,7.768021,200.203,544,0.132699,0.229972
A00061281-ses-DSA,7.217921,315.023,612,0.0786089,0.101482
A00061284-ses-DSA,7.621352,239.492,378,0.140288,0.184462
A00061298-ses-CLG2R,8.506401,204.094,556,0.0782757,0.142888
A00061298-ses-CLGA,8.288445,234.227,824,0.105438,0.140915
A00061387-ses-DSA,7.287725,286.672,649,0.157546,0.173185
A00061483-ses-DSA,7.896772,368.773,1636,0.0456313,0.0639801
A00061485-ses-DSA,7.565073,205.203,560,0.149989,0.163075
A00061597-ses-DSA,7.708438,188.008,321,0.0828056,0.0596825
A00061598-ses-DSA,7.723950,165.469,300,0.100779,0.124686
A00061600-ses-DSA,7.497046,232.984,503,0.127343,0.119946
A00061634-ses-DSA,8.203214,316.375,1130,0.093656,0.126348
A00061647-ses-DSA,7.722075,171.078,484,0.0700701,0.0663115
A00061656-ses-DSA,7.451096,258.18,720,0.0427632,0.0614772
A00061666-ses-DSA,7.890052,365.961,1064,0.0715224,0.0812835
A00061711-ses-DSA,7.874522,188.328,562,0.103536,0.0859715
A00061714-ses-CLG2R,7.818812,217.953,755,0.114528,0.141422
A00061714-ses-CLGA,7.981641,188.359,505,0.158406,0.118309
A00061715-ses-CLG2R,7.959034,202.797,669,0.104131,0.116838
A00061715-ses-DSA,7.848043,246.469,664,0.160852,0.174126
A00061725-ses-DSA,7.320331,245.727,588,0.0698902,0.0953334
A00061727-ses-DSA,7.789914,210.352,592,0.125377,0.192349
A00061728-ses-DSA,7.502517,222.977,705,0.124381,0.173342
A00061749-ses-CLG2R,8.356069,172.156,528,0.0994257,0.11469
A00061749-ses-CLGA,8.377195,163.078,312,0.0944579,0.0933993
A00061767-ses-DSA,7.908925,245.602,590,0.0811028,0.0496932
A00061787-ses-DSA,7.475097,160.203,406,0.0909784,0.132826
A00061790-ses-DSA,7.903707,238.523,663,0.211616,0.173861
A00061806-ses-DSA,7.222171,237.797,714,0.103173,0.0993102
A00061881-ses-DSA,7.972554,196.289,453,0.144321,0.162606
A00061883-ses-CLG2R,8.239430,236.961,912,0.148097,0.223705
A00061883-ses-CLGA,8.201614,273.734,1109,0.107452,0.171105
A00061962-ses-DSA,7.958666,469.414,1408,0.0820706,0.100564
A00062009-ses-CLG2R,7.488543,281.609,1461,0.397719,0.347941
A00062081-ses-CLG2R,8.410504,192.266,378,0.20209,0.0745524
A00062081-ses-CLGA,8.356232,186.523,705,0.125548,0.0783173
A00062085-ses-CLGA,7.808228,354.398,948,0.144749,0.200847
A00062144-ses-CLG2R,8.014206,215.984,542,0.0950029,0.0838723
A00062144-ses-DSA,8.030706,217.727,729,0.0973522,0.120107
A00062146-ses-CLG2R,8.136195,277.922,597,0.0738281,0.0914801
A00062146-ses-CLGA,7.882646,221.32,582,0.0855233,0.12768
A00062248-ses-DSA,7.918472,175.281,412,0.192117,0.279663
A00062255-ses-DSA,7.512072,180.891,385,0.128736,0.118482
A00062266-ses-DSA,7.533363,200.438,481,0.100885,0.116726
A00062268-ses-DSA,7.959109,202.594,559,0.352298,0.588719
A00062282-ses-DSA,7.697665,256.008,634,0.0820505,0.138788
A00062285-ses-DSA,7.476414,214.688,445,0.197264,0.232999
A00062288-ses-DSA,7.877015,180.5,524,0.143393,0.156384
A00062292-ses-DSA,7.838506,232.172,642,0.156908,0.104428
A00062351-ses-DSA,7.925186,242.172,759,0.0640077,0.0685527
A00062353-ses-CLG2R,8.212669,177.617,648,0.162707,0.247082
A00062353-ses-DSA,8.125455,132.422,386,0.145315,0.200637
A00062361-ses-CLG2R,8.156449,275.625,605,0.135116,0.125593
A00062361-ses-DSA,7.929942,256.828,847,0.215553,0.221721
A00062368-ses-DSA,8.069079,147.805,426,0.117935,0.124324
A00062369-ses-CLG2R,8.063257,189.891,457,0.108254,0.158986
A00062369-ses-CLGA,8.052905,217.562,518,0.119151,0.13686
A00062411-ses-DSA,7.855956,239.914,511,0.18762,0.240012
A00062416-ses-DSA,7.433967,234.461,631,0.12429,0.119194
A00062797-ses-CLGA,7.648425,226.555,573,0.219699,0.228989
A00062809-ses-CLG2R,8.060530,174.203,533,0.166016,0.145135
A00062809-ses-DSA,7.935511,180.609,676,0.199089,0.132945
A00062917-ses-DSA,8.089332,203.008,545,0.0991619,0.139719
A00062920-ses-DSA,7.466285,189.414,414,0.11836,0.185395
A00062923-ses-DSA,7.510595,386.25,1310,0.0671527,0.066876
A00062926-ses-DSA,7.875626,164.484,461,0.0686182,0.078878
A00062928-ses-DSA,8.233508,216.055,658,0.069901,0.082983
A00062929-ses-DSA,7.754545,165.398,549,0.0592392,0.0752597
A00062934-ses-DSA,7.645442,215.711,387,0.0783117,0.108708
A00062937-ses-DSA,8.065905,220.258,669,0.12465,0.124597
A00062983-ses-CLG2R,8.220961,213.773,881,0.0797433,0.107634
A00062983-ses-DSA,7.713712,199.758,403,0.103727,0.0906713
A00062989-ses-CLG2R,8.217198,374.906,931,0.0996615,0.131343
A00062989-ses-DSA,8.043567,243.609,695,0.12715,0.132037
A00062996-ses-CLG2R,8.030508,243.273,782,0.15728,0.188263
A00062996-ses-CLGA,8.226970,219.188,447,0.123353,0.128893
A00063003-ses-CLG2R,7.436291,225.883,746,0.0901184,0.105971
A00063003-ses-DSA,7.590513,262.203,589,0.170213,0.128259
A00063006-ses-CLGA,8.096571,164.055,557,0.106583,0.146595
A00063031-ses-DSA,8.054245,231.969,443,0.120587,0.195995
A00063103-ses-DSA,8.149588,225.133,487,0.119099,0.10612
A00063110-ses-DSA,7.751486,299.07,770,0.081993,0.104543
A00063327-ses-DSA,6.811944,509.258,1824,0.366731,0.376654
A00063368-ses-DSA,7.428045,259.953,709,0.11138,0.103458
A00063383-ses-CLG2R,7.831181,200.539,487,0.106855,0.162324
A00063383-ses-CLGA,7.534124,202.922,689,0.225158,0.187069
A00063424-ses-DSA,7.020141,327.203,917,0.210495,0.125726
A00063450-ses-DSA,7.970949,191.398,516,0.124214,0.163953
A00063455-ses-DSA,8.024505,195.484,442,0.0715733,0.09845
A00063458-ses-DSA,7.373629,262.844,642,0.136467,0.105331
A00063470-ses-DSA,6.935234,236.242,635,0.117158,0.118258
A00063473-ses-DSA,7.371491,311.539,838,0.177694,0.0957678
A00063479-ses-DSA,7.443540,187.125,452,0.187886,0.139062
A00063481-ses-DSA,7.874300,161.461,278,0.0807775,0.0909163
A00064053-ses-DSA,7.737818,165.039,428,0.190457,0.0699664
A00064061-ses-DSA,7.112198,204.648,613,0.133616,0.200636
A00064323-ses-DSA,7.115136,283.422,828,0.132314,0.0772848
A00064328-ses-DSA,7.842610,277.906,521,0.215151,0.313777
A00064415-ses-DSA,8.135356,323.469,1182,0.0923568,0.133864
A00064416-ses-DSA,8.414609,252.953,764,0.140646,0.159204
A00064418-ses-DSA,8.344399,191.039,469,0.112794,0.131282
A00064503-ses-CLG2R,7.834989,350.734,3611,0.146118,0.217994
A00064503-ses-CLGA,8.187994,255.25,857,0.163921,0.234346
A00064505-ses-CLG2R,7.893126,218.273,645,0.163548,0.15829
A00064505-ses-CLGA,7.762379,212.102,484,0.120361,0.198809
A00064507-ses-CLG2R,8.134929,208.562,798,0.172668,0.18368
A00064507-ses-DSA,8.272418,246.266,934,0.130417,0.126692
A00064580-ses-DSA,7.428249,532.438,2853,0.168375,0.249751
A00064596-ses-CLG2R,7.933135,255.234,607,0.188527,0.238554
A00064596-ses-CLGA,7.806817,280.797,710,0.246558,0.28825
A00065178-ses-DSA,7.576467,347.375,4575,0.346426,0.411267
A00065197-ses-DSA,7.793941,288.68,573,0.104209,0.138272
A00065250-ses-DSA,7.953861,232.867,1082,0.174181,0.251999
A00065263-ses-DSA,7.926147,217.344,669,0.137017,0.159867
A00065302-ses-DSA,7.546736,326.211,729,0.0933445,0.137679
A00065478-ses-DSA,7.482580,252.047,773,0.102536,0.0659451
A00065480-ses-DSA,7.519837,228.125,525,0.100264,0.0986212
A00065487-ses-DSA,8.226032,323.422,701,0.083214,0.108672
A00065565-ses-DSA,7.702299,1007.66,2968,0.084358,0.0978782
A00065572-ses-DSA,7.084631,193.633,586,0.151672,0.152229
A00065574-ses-DSA,8.307472,279.055,665,0.100432,0.150282
A00065717-ses-DSA,7.580993,241.547,631,0.0860827,0.138988
A00065722-ses-DSA,7.123967,217.648,456,0.0969881,0.0845014
A00065743-ses-ALGA,7.925220,385.812,1228,0.0882836,0.120169
A00065749-ses-DSA,7.837277,268.242,761,0.0918638,0.131423
A00065790-ses-DSA,8.638624,579.5,2535,0.145732,0.235665
A00065792-ses-CLG2R,8.386361,174.469,276,0.114829,0.107676
A00065792-ses-CLGA,8.128922,183.188,375,0.125205,0.159216
A00065802-ses-CLG2R,8.035773,254.109,475,0.122985,0.132123
A00065802-ses-DSA,8.236441,211.156,421,0.117587,0.11321
A00065820-ses-DSA,7.251192,310.148,1035,0.30745,0.252911
A00065865-ses-DSA,7.323202,286.992,551,0.166545,0.126016
A00065873-ses-DSA,7.411375,160.961,431,0.0714582,0.0696162
A00065934-ses-CLGA,7.825480,267.625,499,0.200247,0.224463
A00065974-ses-DSA,7.855836,189.734,506,0.223466,0.104273
A00065991-ses-DSA,8.122705,164.469,749,0.0722748,0.059108
A00065995-ses-DSA,8.233406,279.211,931,0.121594,0.133738
A00066013-ses-ALGA,7.628926,149.141,557,0.112029,0.118417
A00066130-ses-DSA,7.481390,240.188,520,0.0835869,0.0761676
A00066162-ses-ALGA,8.103480,225.117,593,0.103434,0.112469
A00066232-ses-DSA,7.513876,207.984,550,0.136682,0.15808
A00066237-ses-ALGA,7.683137,171.578,392,0.0999726,0.0739282
A00066245-ses-ALGA,7.769808,199.672,778,0.143399,0.147
A00066246-ses-DSA,7.664782,367.727,1238,0.169868,0.115169
A00066282-ses-DSA,7.819656,206.281,569,0.11503,0.130034
A00066302-ses-DSA,7.363412,208.359,587,0.0707039,0.068654
A00066314-ses-CLGA,7.438877,307.25,919,0.170892,0.203207
A00066319-ses-DSA,8.303058,172.086,331,0.120068,0.143401
A00066389-ses-DSA,8.118381,174.875,413,0.0791087,0.12891
A00066396-ses-DSA,8.106315,434.742,1320,0.162656,0.083021
A00066419-ses-ALGA,8.269620,156.906,508,0.0721463,0.0951487
A00066460-ses-DSA,7.062024,412.242,1869,0.126317,0.122468
A00066539-ses-DSA,7.023443,203.867,445,0.067493,0.0673655
A00066572-ses-CLG2R,8.058295,232.352,481,0.104626,0.157254
A00066572-ses-CLGA,8.203903,282.383,574,0.103937,0.144568
A00066573-ses-CLG2R,7.577673,289.055,716,0.249617,0.314791
A00066573-ses-DSA,7.708732,203.641,456,0.23926,0.289293
A00066580-ses-CLG2R,7.759277,200.586,1031,0.301424,0.227974
A00066581-ses-CLGA,8.017866,215.828,598,0.198089,0.201012
A00066582-ses-CLG2R,7.156411,320.742,2935,0.302122,0.332698
A00066582-ses-CLGA,7.848467,207.898,457,0.173763,0.175945
A00066584-ses-DSA,7.832414,231.977,1435,0.119958,0.167799
A00066589-ses-CLGA,8.255155,228.406,441,0.0915202,0.114191
A00066697-ses-CLG2R,7.839268,285.242,2017,0.176003,0.298615
A00066735-ses-DSA,7.646532,311.469,1131,0.12647,0.161162
A00066800-ses-DSA,7.771666,169.016,381,0.122451,0.127719
A00066820-ses-DSA,7.424261,239.859,458,0.0739863,0.106875
A00066831-ses-DSA,6.474745,305.734,505,0.0803977,0.119498
A00066860-ses-CLG2R,7.180029,445.266,1331,0.428863,0.458848
A00066864-ses-ALGA,7.971235,170.484,366,0.120604,0.0747639
A00066871-ses-ALGA,7.722144,213.906,476,0.0898026,0.108285
A00067174-ses-ALGA,7.380104,582.227,1672,0.0852242,0.0963399
A00073230-ses-ALGA,7.754042,169.781,435,0.102915,0.147027
A00073283-ses-ALGA,7.077528,225.188,671,0.131973,0.198522
A00073296-ses-DSA,6.789338,232.742,485,0.130629,0.116513
A00073308-ses-DSA,7.381817,198.82,497,0.0597558,0.0805627
A00073525-ses-ALGA,7.333696,190.359,641,0.186721,0.250048
A00073529-ses-ALGA,7.592963,146.383,392,0.0713549,0.0773125
A00073611-ses-ALGA,7.152267,222.367,516,0.124927,0.18697
A00073677-ses-ALGA,7.454992,252.102,531,0.12295,0.129159
A00073705-ses-DSA,7.393341,316.875,970,0.234901,0.113976
A00073942-ses-ALGA,6.888947,205.664,537,0.110652,0.159158
A00073953-ses-ALGA,7.613661,214.898,587,0.112683,0.142707
